Left Cerebellum.Posterior Lobe.Inferior Semi-Lunar Lobule.Gray Matter.*,
Right Cerebellum.Posterior Lobe.Inferior Semi-Lunar Lobule.Gray Matter.*,
Left Cerebellum.Posterior Lobe.Cerebellar Tonsil.Gray Matter.*,
Right Cerebellum.Posterior Lobe.Cerebellar Tonsil.Gray Matter.*,357
Left Brainstem.Medulla.*.*.*,370
Right Brainstem.Medulla.*.*.*,372
*.*.Inferior Temporal Gyrus.*.*,
Left Cerebrum.Temporal Lobe.Inferior Temporal Gyrus.Gray Matter.Brodmann area 20,301
Left Cerebrum.Temporal Lobe.Inferior Temporal Gyrus.*.*,
Left Cerebrum.Temporal Lobe.*.*.*,
Right Cerebrum.Temporal Lobe.*.*.*,
Right Cerebrum.Temporal Lobe.Inferior Temporal Gyrus.*.*,
Right Cerebrum.Temporal Lobe.Inferior Temporal Gyrus.Gray Matter.Brodmann area 20,
Left Cerebrum.Temporal Lobe.Inferior Temporal Gyrus.White Matter.*,
Left Cerebrum.Limbic Lobe.Inferior Temporal Gyrus.Gray Matter.Brodmann area 20,
Left Cerebrum.Limbic Lobe.Uncus.Gray Matter.Brodmann area 20,
Left Cerebrum.Limbic Lobe.Uncus.*.*,
Right Cerebrum.Limbic Lobe.Uncus.Gray Matter.Brodmann area 20,
Right Cerebrum.Limbic Lobe.Inferior Temporal Gyrus.Gray Matter.Brodmann area 20,
Right Cerebrum.Temporal Lobe.Inferior Temporal Gyrus.White Matter.*,
Left Cerebrum.Limbic Lobe.*.*.*,
Right Cerebrum.Limbic Lobe.*.*.*,
Left Cerebrum.Temporal Lobe.Middle Temporal Gyrus.Gray Matter.Brodmann area 20,
Left Cerebrum.Temporal Lobe.Middle Temporal Gyrus.White Matter.*,
Left Cerebrum.Limbic Lobe.Uncus.White Matter.*,305
Right Cerebrum.Limbic Lobe.*.Gray Matter.Brodmann area 20,
Right Cerebrum.Limbic Lobe.Uncus.White Matter.*,134
Right Cerebrum.Temporal Lobe.Middle Temporal Gyrus.White Matter.*,
Right Cerebrum.Temporal Lobe.Middle Temporal Gyrus.Gray Matter.Brodmann area 20,
Right Cerebrum.Temporal Lobe.Middle Temporal Gyrus.*.*,
Right Cerebrum.Limbic Lobe.Uncus.*.*,
Left Cerebrum.Temporal Lobe.Middle Temporal Gyrus.*.*,303
Left Cerebrum.Temporal Lobe.Middle Temporal Gyrus.Gray Matter.Brodmann area 38,
Left Cerebrum.Limbic Lobe.Uncus.Gray Matter.Brodmann area 38,
Right Cerebrum.Limbic Lobe.Uncus.Gray Matter.Brodmann area 38,
Right Cerebrum.Temporal Lobe.Middle Temporal Gyrus.Gray Matter.Brodmann area 38,
Left Cerebrum.Limbic Lobe.Middle Temporal Gyrus.White Matter.*,
Left Cerebrum.Temporal Lobe.Superior Temporal Gyrus.Gray Matter.Brodmann area 38,
Left Cerebrum.Temporal Lobe.Superior Temporal Gyrus.White Matter.*,230
Left Cerebrum.Temporal Lobe.Superior Temporal Gyrus.*.*,
Right Cerebrum.Temporal Lobe.Superior Temporal Gyrus.Gray Matter.Brodmann area 38,
Right Cerebrum.Temporal Lobe.Superior Temporal Gyrus.White Matter.*,
Right Cerebrum.Temporal Lobe.Superior Temporal Gyrus.*.*,
Right Cerebrum.Temporal Lobe.*.Gray Matter.Brodmann area 38,
Left Cerebrum.Temporal Lobe.*.Gray Matter.Brodmann area 38,
Right Cerebrum.Frontal Lobe.Inferior Temporal Gyrus.Gray Matter.Brodmann area 20,
Right Cerebrum.*.Inferior Temporal Gyrus.*.*,
Right Cerebrum.*.*.*.*,
Left Cerebrum.Limbic Lobe.Inferior Temporal Gyrus.White Matter.*,
Right Cerebrum.Limbic Lobe.Inferior Temporal Gyrus.White Matter.*,134
Left Cerebrum.Temporal Lobe.Sub-Gyral.White Matter.*,
Right Cerebrum.Temporal Lobe.Sub-Gyral.White Matter.*,
Left Cerebrum.Limbic Lobe.*.Gray Matter.Brodmann area 20,
*.*.Middle Temporal Gyrus.*.*,
Right Cerebrum.Limbic Lobe.Sub-Gyral.White Matter.*,135
Left Cerebrum.Limbic Lobe.Superior Temporal Gyrus.White Matter.*,
Right Cerebrum.Limbic Lobe.Superior Temporal Gyrus.White Matter.*,
Right Cerebrum.*.Uncus.*.*,
Left Cerebrum.Limbic Lobe.Superior Temporal Gyrus.Gray Matter.Brodmann area 38,
Right Cerebrum.Limbic Lobe.Superior Temporal Gyrus.Gray Matter.Brodmann area 38,
Left Cerebellum.Posterior Lobe.Pyramis.Gray Matter.*,355
Right Cerebellum.Posterior Lobe.Pyramis.Gray Matter.*,357
Left Cerebellum.Posterior Lobe.Uvula.Gray Matter.*,359
Right Cerebellum.Posterior Lobe.Uvula.Gray Matter.*,360
Right Cerebellum.*.*.Gray Matter.*,
Left Cerebellum.*.*.Gray Matter.*,
Left Cerebellum.Posterior Lobe.Uvula of Vermis.Gray Matter.*,
Right Cerebellum.Posterior Lobe.Uvula of Vermis.Gray Matter.*,
Right Cerebellum.Sub-lobar.Fourth Ventricle.Cerebro-Spinal Fluid.*,371
Left Cerebellum.Sub-lobar.Fourth Ventricle.Cerebro-Spinal Fluid.*,371
Left Brainstem.Pons.*.*.*,
Right Brainstem.Pons.*.*.*,
*.Limbic Lobe.Uncus.*.*,
Left Cerebrum.*.*.*.*,
Left Cerebrum.Limbic Lobe.Uncus.Gray Matter.Brodmann area 36,
Right Cerebrum.Limbic Lobe.Uncus.Gray Matter.Brodmann area 36,
Right Cerebrum.Temporal Lobe.Inferior Temporal Gyrus.Gray Matter.Brodmann area 21,
Left Cerebrum.Temporal Lobe.Middle Temporal Gyrus.Gray Matter.Brodmann area 21,292
Right Cerebrum.Temporal Lobe.Middle Temporal Gyrus.Gray Matter.Brodmann area 21,129
Left Cerebellum.Posterior Lobe.Tuber.Gray Matter.*,355
Right Cerebellum.Posterior Lobe.Tuber.Gray Matter.*,
Left Cerebellum.Posterior Lobe.Pyramis of Vermis.Gray Matter.*,359
Right Cerebellum.Posterior Lobe.Pyramis of Vermis.Gray Matter.*,359
Left Cerebellum.Anterior Lobe.Nodule.Gray Matter.*,365
Left Cerebellum.Anterior Lobe.*.Gray Matter.*,
Right Cerebellum.Anterior Lobe.Nodule.Gray Matter.*,365
Right Cerebellum.Anterior Lobe.*.Gray Matter.*,354
Left Cerebellum.Anterior Lobe.Culmen.Gray Matter.*,348
Right Cerebellum.Anterior Lobe.Culmen.Gray Matter.*,351
*.Temporal Lobe.*.*.*,
*.Temporal Lobe.Inferior Temporal Gyrus.*.*,
Right Cerebrum.Limbic Lobe.Inferior Temporal Gyrus.*.*,
Left Cerebrum.Limbic Lobe.Inferior Temporal Gyrus.*.*,
Left Cerebrum.Limbic Lobe.Uncus.Gray Matter.Brodmann area 28,
Right Cerebrum.Limbic Lobe.Uncus.Gray Matter.Brodmann area 28,
Left Cerebrum.Limbic Lobe.Sub-Gyral.White Matter.*,
Left Cerebrum.Temporal Lobe.Inferior Temporal Gyrus.Gray Matter.Brodmann area 21,
Left Cerebrum.*.Inferior Temporal Gyrus.*.*,
Left Cerebrum.*.Middle Temporal Gyrus.*.*,
Left Cerebrum.*.Superior Temporal Gyrus.*.*,172
Left Cerebrum.*.Superior Temporal Gyrus.Gray Matter.Brodmann area 38,
Left Cerebrum.Frontal Lobe.Orbital Gyrus.Gray Matter.Brodmann area 11,
Right Cerebrum.*.Orbital Gyrus.Gray Matter.Brodmann area 11,
*.Frontal Lobe.Orbital Gyrus.*.*,
Left Cerebrum.Frontal Lobe.Orbital Gyrus.*.*,
Left Cerebrum.Frontal Lobe.*.*.*,
Inter-Hemispheric.*.*.*.*,
Right Cerebrum.Frontal Lobe.*.*.*,
Right Cerebrum.Frontal Lobe.Orbital Gyrus.Gray Matter.Brodmann area 11,
Right Cerebrum.Frontal Lobe.Orbital Gyrus.*.*,
*.*.Orbital Gyrus.*.*,
Left Cerebrum.Frontal Lobe.Orbital Gyrus.White Matter.*,
Right Cerebrum.Frontal Lobe.Orbital Gyrus.White Matter.*,
Left Cerebellum.Posterior Lobe.Tuber of Vermis.Gray Matter.*,353
Right Cerebellum.Posterior Lobe.Tuber of Vermis.Gray Matter.*,353
Left Cerebellum.Anterior Lobe.Pyramis.Gray Matter.*,353
Right Cerebellum.Anterior Lobe.Pyramis.Gray Matter.*,354
Right Cerebellum.Anterior Lobe.*.Gray Matter.Dentate,354
Left Cerebellum.Anterior Lobe.*.Gray Matter.Dentate,352
Left Cerebellum.Posterior Lobe.Culmen.Gray Matter.*,
Left Cerebrum.Temporal Lobe.Fusiform Gyrus.*.*,
Right Cerebrum.Temporal Lobe.Fusiform Gyrus.*.*,
Left Cerebrum.Temporal Lobe.Fusiform Gyrus.Gray Matter.Brodmann area 20,291
Right Cerebrum.Temporal Lobe.Fusiform Gyrus.Gray Matter.Brodmann area 20,
Left Cerebrum.Limbic Lobe.Parahippocampal Gyrus.*.*,
*.Limbic Lobe.Parahippocampal Gyrus.*.*,
Right Cerebrum.Limbic Lobe.Parahippocampal Gyrus.*.*,
Left Cerebrum.Temporal Lobe.Fusiform Gyrus.White Matter.*,
Left Cerebrum.Limbic Lobe.Parahippocampal Gyrus.Gray Matter.Brodmann area 36,
Right Cerebrum.Limbic Lobe.Parahippocampal Gyrus.Gray Matter.Brodmann area 36,
Right Cerebrum.Temporal Lobe.Fusiform Gyrus.White Matter.*,128
Right Cerebrum.Limbic Lobe.Fusiform Gyrus.*.*,
Left Cerebrum.Limbic Lobe.Parahippocampal Gyrus.White Matter.*,295
Right Cerebrum.Limbic Lobe.Parahippocampal Gyrus.White Matter.*,
Right Cerebrum.Limbic Lobe.Fusiform Gyrus.Gray Matter.Brodmann area 20,
Left Cerebrum.Temporal Lobe.Fusiform Gyrus.Gray Matter.Brodmann area 36,
Left Cerebrum.Limbic Lobe.Fusiform Gyrus.White Matter.*,
Right Cerebrum.Limbic Lobe.Fusiform Gyrus.White Matter.*,
*.*.Fusiform Gyrus.*.*,
Left Cerebrum.Limbic Lobe.Parahippocampal Gyrus.Gray Matter.Brodmann area 35,
Right Cerebrum.Limbic Lobe.Parahippocampal Gyrus.Gray Matter.Brodmann area 35,
Left Cerebrum.Frontal Lobe.Rectal Gyrus.Gray Matter.Brodmann area 11,
Left Cerebrum.Frontal Lobe.Rectal Gyrus.*.*,
Right Cerebrum.Frontal Lobe.Rectal Gyrus.*.*,
Right Cerebrum.Frontal Lobe.Rectal Gyrus.Gray Matter.Brodmann area 11,
Left Cerebrum.Frontal Lobe.Orbital Gyrus.Gray Matter.Brodmann area 47,
Right Cerebrum.Frontal Lobe.Orbital Gyrus.Gray Matter.Brodmann area 47,
Left Cerebrum.Frontal Lobe.Rectal Gyrus.White Matter.*,280
Right Cerebrum.Frontal Lobe.Rectal Gyrus.White Matter.*,
Inter-Hemispheric.*.Rectal Gyrus.*.*,
Left Cerebrum.Frontal Lobe.Superior Frontal Gyrus.*.*,
Left Cerebrum.Frontal Lobe.Superior Frontal Gyrus.Gray Matter.Brodmann area 11,
Right Cerebrum.Frontal Lobe.Superior Frontal Gyrus.Gray Matter.Brodmann area 11,
Right Cerebrum.Frontal Lobe.Superior Frontal Gyrus.*.*,
Left Cerebrum.Frontal Lobe.Superior Frontal Gyrus.White Matter.*,
Right Cerebrum.Frontal Lobe.Superior Frontal Gyrus.White Matter.*,
Left Cerebellum.Posterior Lobe.Declive.Gray Matter.*,
Right Cerebellum.Posterior Lobe.Declive.Gray Matter.*,
Left Cerebellum.Posterior Lobe.Declive of Vermis.Gray Matter.*,
Right Cerebellum.Posterior Lobe.Declive of Vermis.Gray Matter.*,
Left Cerebellum.Posterior Lobe.*.Gray Matter.Dentate,352
Left Cerebellum.Posterior Lobe.Fastigium.Gray Matter.*,
Right Cerebellum.Anterior Lobe.Fastigium.Gray Matter.*,354
Right Cerebellum.Posterior Lobe.*.Gray Matter.Dentate,354
Left Cerebellum.Anterior Lobe.Fastigium.Gray Matter.*,350
Right Cerebrum.Temporal Lobe.Fusiform Gyrus.Gray Matter.Brodmann area 36,100
Right Cerebrum.*.Fusiform Gyrus.Gray Matter.Brodmann area 20,
*.Temporal Lobe.Fusiform Gyrus.*.*,
Left Cerebrum.Limbic Lobe.Parahippocampal Gyrus.Gray Matter.Brodmann area 28,296
Right Cerebrum.Limbic Lobe.Parahippocampal Gyrus.Gray Matter.Brodmann area 28,
Left Cerebrum.Temporal Lobe.Sub-Gyral.Gray Matter.Brodmann area 20,
Right Cerebrum.Temporal Lobe.Sub-Gyral.Gray Matter.Brodmann area 20,
Left Cerebrum.Sub-lobar.Lateral Ventricle.Cerebro-Spinal Fluid.*,
Right Cerebrum.Sub-lobar.Lateral Ventricle.Cerebro-Spinal Fluid.*,
Left Cerebrum.Limbic Lobe.Parahippocampal Gyrus.Gray Matter.Hippocampus,338
Right Cerebrum.Limbic Lobe.Parahippocampal Gyrus.Gray Matter.Hippocampus,345
Left Cerebrum.Limbic Lobe.Parahippocampal Gyrus.Gray Matter.Brodmann area 34,338
Right Cerebrum.Limbic Lobe.Parahippocampal Gyrus.Gray Matter.Brodmann area 34,142
Left Cerebrum.Limbic Lobe.Uncus.Gray Matter.Brodmann area 34,
Right Cerebrum.Limbic Lobe.Uncus.Gray Matter.Brodmann area 34,142
Left Cerebrum.Limbic Lobe.Uncus.Gray Matter.Amygdala,
Right Cerebrum.Limbic Lobe.Uncus.Gray Matter.Amygdala,346
Right Cerebrum.Limbic Lobe.Parahippocampal Gyrus.Gray Matter.Amygdala,346
*.*.Inferior Frontal Gyrus.*.*,
Left Cerebrum.Frontal Lobe.Inferior Frontal Gyrus.Gray Matter.Brodmann area 47,
Left Cerebrum.Frontal Lobe.Inferior Frontal Gyrus.*.*,
Right Cerebrum.Frontal Lobe.Inferior Frontal Gyrus.*.*,
Right Cerebrum.Frontal Lobe.Inferior Frontal Gyrus.Gray Matter.Brodmann area 47,
Left Cerebrum.Frontal Lobe.Inferior Frontal Gyrus.White Matter.*,242
Right Cerebrum.Frontal Lobe.Inferior Frontal Gyrus.White Matter.*,86
Left Cerebrum.Frontal Lobe.Inferior Frontal Gyrus.Gray Matter.Brodmann area 11,
Right Cerebrum.Frontal Lobe.Inferior Frontal Gyrus.Gray Matter.Brodmann area 11,
Left Cerebrum.Frontal Lobe.Sub-Gyral.White Matter.*,
Right Cerebrum.Frontal Lobe.Sub-Gyral.White Matter.*,
Left Cerebrum.Frontal Lobe.Middle Frontal Gyrus.White Matter.*,
Right Cerebrum.Frontal Lobe.Middle Frontal Gyrus.White Matter.*,78
Left Cerebrum.Frontal Lobe.Middle Frontal Gyrus.Gray Matter.Brodmann area 11,
Right Cerebrum.Frontal Lobe.Middle Frontal Gyrus.Gray Matter.Brodmann area 11,
Right Cerebrum.Frontal Lobe.Middle Frontal Gyrus.*.*,
Right Cerebrum.*.Orbital Gyrus.*.*,
Right Cerebrum.*.Superior Frontal Gyrus.*.*,
Left Cerebrum.Occipital Lobe.Fusiform Gyrus.*.*,
Left Cerebrum.Occipital Lobe.Fusiform Gyrus.Gray Matter.Brodmann area 18,
Right Cerebrum.Occipital Lobe.Fusiform Gyrus.*.*,
Right Cerebrum.Occipital Lobe.Fusiform Gyrus.Gray Matter.Brodmann area 18,
Left Cerebrum.Occipital Lobe.Fusiform Gyrus.White Matter.*,298
Right Cerebrum.Occipital Lobe.Fusiform Gyrus.White Matter.*,141
Left Cerebrum.Temporal Lobe.Fusiform Gyrus.Gray Matter.Brodmann area 37,265
Right Cerebrum.Temporal Lobe.Fusiform Gyrus.Gray Matter.Brodmann area 37,
Right Cerebrum.*.Fusiform Gyrus.*.*,
Left Cerebellum.Anterior Lobe.Cerebellar Lingual.Gray Matter.*,348
Right Cerebellum.Anterior Lobe.Cerebellar Lingual.Gray Matter.*,349
Left Cerebrum.Temporal Lobe.Inferior Temporal Gyrus.Gray Matter.Brodmann area 37,
Right Cerebrum.Temporal Lobe.Inferior Temporal Gyrus.Gray Matter.Brodmann area 37,
Left Brainstem.Midbrain.*.*.*,
Right Brainstem.Midbrain.*.*.*,
Left Cerebrum.Limbic Lobe.Parahippocampal Gyrus.Gray Matter.Brodmann area 20,
Right Cerebrum.Limbic Lobe.Parahippocampal Gyrus.Gray Matter.Brodmann area 20,
Left Cerebrum.Limbic Lobe.Parahippocampal Gyrus.Gray Matter.Amygdala,339
*.*.*.White Matter.*,
Right Cerebrum.Limbic Lobe.Parahippocampal Gyrus.Gray Matter.Brodmann area 38,
Right Cerebrum.Temporal Lobe.Sub-Gyral.Gray Matter.Brodmann area 38,
Left Cerebrum.Frontal Lobe.Medial Frontal Gyrus.*.*,
Right Cerebrum.Frontal Lobe.Medial Frontal Gyrus.*.*,
Left Cerebrum.Frontal Lobe.Superior Temporal Gyrus.*.*,292
Left Cerebrum.Frontal Lobe.Medial Frontal Gyrus.Gray Matter.Brodmann area 25,280
Right Cerebrum.Frontal Lobe.Medial Frontal Gyrus.Gray Matter.Brodmann area 25,120
Right Cerebrum.Frontal Lobe.Superior Temporal Gyrus.*.*,129
Right Cerebrum.Temporal Lobe.Inferior Frontal Gyrus.*.*,
Left Cerebrum.Frontal Lobe.Medial Frontal Gyrus.White Matter.*,
Right Cerebrum.Frontal Lobe.Medial Frontal Gyrus.White Matter.*,
Left Cerebrum.Temporal Lobe.Inferior Frontal Gyrus.*.*,
Left Cerebrum.Frontal Lobe.Middle Frontal Gyrus.*.*,
Left Cerebrum.Frontal Lobe.Inferior Frontal Gyrus.Gray Matter.Brodmann area 25,
Left Cerebrum.Frontal Lobe.Medial Frontal Gyrus.Gray Matter.Brodmann area 11,
Right Cerebrum.Frontal Lobe.Medial Frontal Gyrus.Gray Matter.Brodmann area 11,
Right Cerebrum.Frontal Lobe.Inferior Frontal Gyrus.Gray Matter.Brodmann area 25,122
Left Cerebrum.Occipital Lobe.Lingual Gyrus.*.*,308
*.*.Lingual Gyrus.*.*,15
*.Occipital Lobe.*.*.*,
*.Occipital Lobe.Lingual Gyrus.*.*,
Left Cerebrum.Occipital Lobe.Lingual Gyrus.Gray Matter.Brodmann area 17,
Inter-Hemispheric.Occipital Lobe.Lingual Gyrus.*.*,
Right Cerebrum.Occipital Lobe.Lingual Gyrus.*.*,15
Right Cerebrum.Occipital Lobe.Lingual Gyrus.Gray Matter.Brodmann area 17,
Left Cerebrum.Occipital Lobe.*.*.*,
Left Cerebrum.Occipital Lobe.Lingual Gyrus.Gray Matter.Brodmann area 18,
Right Cerebrum.Occipital Lobe.*.*.*,141
Right Cerebrum.Occipital Lobe.Lingual Gyrus.Gray Matter.Brodmann area 18,141
Left Cerebrum.Occipital Lobe.Inferior Occipital Gyrus.Gray Matter.Brodmann area 18,263
Left Cerebrum.Occipital Lobe.Inferior Occipital Gyrus.*.*,263
Left Cerebrum.Occipital Lobe.Lingual Gyrus.White Matter.*,175
Right Cerebrum.Occipital Lobe.Lingual Gyrus.White Matter.*,
Right Cerebrum.Occipital Lobe.Inferior Occipital Gyrus.Gray Matter.Brodmann area 18,
Left Cerebrum.Occipital Lobe.Inferior Occipital Gyrus.White Matter.*,263
Right Cerebrum.Occipital Lobe.Inferior Occipital Gyrus.White Matter.*,
Right Cerebrum.Occipital Lobe.Inferior Occipital Gyrus.*.*,
Left Cerebrum.Occipital Lobe.Fusiform Gyrus.Gray Matter.Brodmann area 19,
Right Cerebrum.Occipital Lobe.Fusiform Gyrus.Gray Matter.Brodmann area 19,139
*.*.Inferior Occipital Gyrus.*.*,
Left Cerebrum.*.Inferior Occipital Gyrus.*.*,
Right Cerebrum.*.Inferior Occipital Gyrus.*.*,
Right Cerebrum.Occipital Lobe.*.Gray Matter.Brodmann area 19,141
Left Cerebrum.Occipital Lobe.*.Gray Matter.Brodmann area 19,
Left Cerebrum.Temporal Lobe.Fusiform Gyrus.Gray Matter.Brodmann area 19,
Right Cerebrum.Temporal Lobe.Fusiform Gyrus.Gray Matter.Brodmann area 19,
Left Cerebrum.Temporal Lobe.*.Gray Matter.Brodmann area 37,299
Right Cerebrum.Temporal Lobe.*.Gray Matter.Brodmann area 37,
Left Cerebrum.Temporal Lobe.Middle Temporal Gyrus.Gray Matter.Brodmann area 37,
Left Cerebrum.Limbic Lobe.Parahippocampal Gyrus.Gray Matter.Brodmann area 37,298
Right Cerebrum.Limbic Lobe.Parahippocampal Gyrus.Gray Matter.Brodmann area 37,130
Right Cerebrum.Limbic Lobe.*.Gray Matter.Brodmann area 35,345
*.*.*.White Matter.Optic Tract,
*.*.*.Gray Matter.Hypothalamus,
Right Cerebrum.Temporal Lobe.Sub-Gyral.Gray Matter.Brodmann area 21,159
Right Cerebrum.Temporal Lobe.Superior Temporal Gyrus.Gray Matter.Brodmann area 21,
Left Cerebrum.Frontal Lobe.Subcallosal Gyrus.*.*,
Right Cerebrum.Frontal Lobe.Subcallosal Gyrus.*.*,
Left Cerebrum.Limbic Lobe.Subcallosal Gyrus.Gray Matter.Brodmann area 34,
Left Cerebrum.Frontal Lobe.Subcallosal Gyrus.Gray Matter.Brodmann area 34,
Left Cerebrum.Frontal Lobe.Subcallosal Gyrus.Gray Matter.Brodmann area 25,
Right Cerebrum.Frontal Lobe.Subcallosal Gyrus.Gray Matter.Brodmann area 25,
Right Cerebrum.Frontal Lobe.Subcallosal Gyrus.Gray Matter.Brodmann area 34,
Right Cerebrum.Limbic Lobe.Subcallosal Gyrus.*.*,118
Right Cerebrum.Limbic Lobe.Subcallosal Gyrus.Gray Matter.Brodmann area 34,118
Left Cerebrum.Temporal Lobe.Superior Temporal Gyrus.Gray Matter.Brodmann area 21,332
Left Cerebrum.Temporal Lobe.Subcallosal Gyrus.Gray Matter.Brodmann area 34,
Left Cerebrum.Temporal Lobe.Inferior Frontal Gyrus.Gray Matter.Brodmann area 13,
Left Cerebrum.Temporal Lobe.Inferior Frontal Gyrus.White Matter.*,282
Left Cerebrum.Frontal Lobe.Subcallosal Gyrus.White Matter.*,
Right Cerebrum.Frontal Lobe.Subcallosal Gyrus.White Matter.*,
Right Cerebrum.Temporal Lobe.Inferior Frontal Gyrus.Gray Matter.Brodmann area 13,
Right Cerebrum.Temporal Lobe.Inferior Frontal Gyrus.White Matter.*,
Left Cerebrum.Frontal Lobe.Inferior Frontal Gyrus.Gray Matter.Brodmann area 13,
Right Cerebrum.Frontal Lobe.Inferior Frontal Gyrus.Gray Matter.Brodmann area 13,
Left Cerebrum.Frontal Lobe.Subcallosal Gyrus.Gray Matter.Brodmann area 13,
Right Cerebrum.Frontal Lobe.Subcallosal Gyrus.Gray Matter.Brodmann area 13,
Left Cerebrum.Frontal Lobe.Subcallosal Gyrus.Gray Matter.Brodmann area 47,
Right Cerebrum.Frontal Lobe.Subcallosal Gyrus.Gray Matter.Brodmann area 47,
Left Cerebrum.Frontal Lobe.Subcallosal Gyrus.Gray Matter.Brodmann area 11,287
Right Cerebrum.Frontal Lobe.Subcallosal Gyrus.Gray Matter.Brodmann area 11,123
Right Cerebrum.Frontal Lobe.Middle Frontal Gyrus.Gray Matter.Brodmann area 47,
Left Cerebrum.Occipital Lobe.Inferior Occipital Gyrus.Gray Matter.Brodmann area 17,
Right Cerebrum.*.*.Gray Matter.Brodmann area 18,
Right Cerebrum.Occipital Lobe.Inferior Occipital Gyrus.Gray Matter.Brodmann area 17,
Left Cerebrum.Occipital Lobe.Middle Occipital Gyrus.Gray Matter.Brodmann area 18,
Right Cerebrum.Occipital Lobe.Middle Occipital Gyrus.Gray Matter.Brodmann area 18,
Left Cerebrum.Occipital Lobe.Middle Occipital Gyrus.White Matter.*,
Right Cerebrum.Occipital Lobe.Middle Occipital Gyrus.White Matter.*,
Left Cerebrum.Occipital Lobe.Middle Occipital Gyrus.*.*,
Right Cerebrum.Occipital Lobe.Middle Occipital Gyrus.*.*,
Left Cerebrum.Occipital Lobe.Sub-Gyral.*.*,298
Right Cerebrum.*.Sub-Gyral.*.*,141
Right Cerebrum.Occipital Lobe.Sub-Gyral.*.*,
Left Cerebrum.Occipital Lobe.Middle Occipital Gyrus.Gray Matter.Brodmann area 19,
Right Cerebrum.Occipital Lobe.Middle Occipital Gyrus.Gray Matter.Brodmann area 19,
*.*.Middle Occipital Gyrus.*.*,
Right Cerebrum.*.Lingual Gyrus.*.*,
Left Cerebrum.Occipital Lobe.Sub-Gyral.White Matter.*,
Right Cerebrum.Occipital Lobe.Sub-Gyral.White Matter.*,139
Left Cerebellum.Anterior Lobe.Culmen of Vermis.Gray Matter.*,
Right Cerebellum.Anterior Lobe.Culmen of Vermis.Gray Matter.*,
Left Cerebrum.Occipital Lobe.Middle Occipital Gyrus.Gray Matter.Brodmann area 37,
Right Cerebrum.Occipital Lobe.Middle Occipital Gyrus.Gray Matter.Brodmann area 37,
Right Cerebrum.Occipital Lobe.Inferior Temporal Gyrus.*.*,
Left Cerebrum.Occipital Lobe.Inferior Temporal Gyrus.White Matter.*,
Right Cerebrum.Occipital Lobe.Inferior Temporal Gyrus.White Matter.*,
Right Cerebrum.Temporal Lobe.Middle Temporal Gyrus.Gray Matter.Brodmann area 37,
Left Cerebrum.Occipital Lobe.Fusiform Gyrus.Gray Matter.Brodmann area 37,298
Right Cerebrum.Occipital Lobe.Fusiform Gyrus.Gray Matter.Brodmann area 37,
Right Cerebrum.Occipital Lobe.Parahippocampal Gyrus.Gray Matter.Brodmann area 37,
Left Cerebrum.Temporal Lobe.Sub-Gyral.Gray Matter.Brodmann area 37,
Right Cerebrum.Temporal Lobe.Sub-Gyral.Gray Matter.Brodmann area 37,
Right Cerebrum.Limbic Lobe.Fusiform Gyrus.Gray Matter.Brodmann area 37,
Right Cerebrum.Limbic Lobe.Sub-Gyral.*.*,
Left Cerebrum.Limbic Lobe.Sub-Gyral.*.*,
Left Cerebrum.Temporal Lobe.Sub-Gyral.Gray Matter.Hippocampus,178
Right Cerebrum.Temporal Lobe.Sub-Gyral.Gray Matter.Hippocampus,
Left Cerebrum.Limbic Lobe.Sub-Gyral.Gray Matter.Hippocampus,338
Right Cerebrum.Limbic Lobe.Sub-Gyral.Gray Matter.Hippocampus,345
Left Brainstem.Midbrain.*.Gray Matter.Substania Nigra,
Right Brainstem.Midbrain.*.Gray Matter.Substania Nigra,
Left Brainstem.Midbrain.*.Gray Matter.Red Nucleus,
Right Brainstem.Midbrain.*.Gray Matter.Red Nucleus,
Left Cerebrum.Limbic Lobe.Sub-Gyral.Gray Matter.Brodmann area 28,
Right Cerebrum.Limbic Lobe.*.White Matter.*,
Left Cerebrum.Sub-lobar.Extra-Nuclear.White Matter.*,
Right Cerebrum.Sub-lobar.Extra-Nuclear.White Matter.*,
Left Cerebrum.Temporal Lobe.*.Gray Matter.Caudate Tail,
Right Cerebrum.Temporal Lobe.Caudate.Gray Matter.Caudate Tail,
Left Cerebrum.Temporal Lobe.Caudate.Gray Matter.Caudate Tail,
Left Cerebrum.Temporal Lobe.Sub-Gyral.Gray Matter.Brodmann area 21,
Left Cerebrum.Temporal Lobe.Extra-Nuclear.White Matter.*,336
Left Brainstem.Midbrain.*.Gray Matter.Mammillary Body,
Right Brainstem.Midbrain.*.Gray Matter.Mammillary Body,
Left Cerebrum.Sub-lobar.*.Gray Matter.Amygdala,339
Right Cerebrum.*.*.White Matter.*,
Right Cerebrum.Sub-lobar.*.Gray Matter.Amygdala,346
Left Cerebrum.Sub-lobar.Extra-Nuclear.White Matter.Optic Tract,
Right Cerebrum.Sub-lobar.Third Ventricle.Cerebro-Spinal Fluid.*,
Right Cerebrum.Sub-lobar.Extra-Nuclear.White Matter.Optic Tract,346
Left Cerebrum.Sub-lobar.Third Ventricle.Cerebro-Spinal Fluid.*,
Left Cerebrum.Sub-lobar.*.Gray Matter.Hypothalamus,
Right Cerebrum.Sub-lobar.*.Gray Matter.Hypothalamus,
Left Cerebrum.Temporal Lobe.Superior Temporal Gyrus.Gray Matter.Brodmann area 13,235
Left Cerebrum.Temporal Lobe.Sub-Gyral.Gray Matter.Brodmann area 13,235
Right Cerebrum.Temporal Lobe.Superior Temporal Gyrus.Gray Matter.Brodmann area 13,
Right Cerebrum.Temporal Lobe.Sub-Gyral.Gray Matter.Brodmann area 13,
Left Cerebrum.Sub-lobar.Extra-Nuclear.Gray Matter.Brodmann area 13,243
Left Cerebrum.Limbic Lobe.Extra-Nuclear.White Matter.*,
Left Cerebrum.Limbic Lobe.Anterior Cingulate.White Matter.*,
Left Cerebrum.Limbic Lobe.Anterior Cingulate.*.*,
Right Cerebrum.Limbic Lobe.Anterior Cingulate.*.*,116
Right Cerebrum.Limbic Lobe.Anterior Cingulate.White Matter.*,
Right Cerebrum.Limbic Lobe.Extra-Nuclear.White Matter.*,
Right Cerebrum.Sub-lobar.Extra-Nuclear.Gray Matter.Brodmann area 13,
Left Cerebrum.Temporal Lobe.Sub-Gyral.*.*,
Left Cerebrum.Sub-lobar.Extra-Nuclear.*.*,243
Left Cerebrum.Sub-lobar.Lentiform Nucleus.Gray Matter.Putamen,336
Left Cerebrum.Limbic Lobe.Anterior Cingulate.Gray Matter.Brodmann area 25,280
Right Cerebrum.Limbic Lobe.Anterior Cingulate.Gray Matter.Brodmann area 25,
Right Cerebrum.Sub-lobar.Lentiform Nucleus.Gray Matter.Putamen,343
Right Cerebrum.Sub-lobar.Extra-Nuclear.*.*,
Right Cerebrum.Temporal Lobe.Sub-Gyral.*.*,
Left Cerebrum.Sub-lobar.*.Gray Matter.*,286
Right Cerebrum.Sub-lobar.*.Gray Matter.*,
*.Temporal Lobe.Superior Temporal Gyrus.*.*,
Left Cerebrum.Frontal Lobe.Sub-Gyral.*.*,
Right Cerebrum.Frontal Lobe.Sub-Gyral.*.*,
Left Cerebrum.Frontal Lobe.Extra-Nuclear.*.*,
Right Cerebrum.Frontal Lobe.Extra-Nuclear.*.*,
Left Cerebrum.Frontal Lobe.Extra-Nuclear.Gray Matter.Brodmann area 47,243
Right Cerebrum.Frontal Lobe.Extra-Nuclear.Gray Matter.Brodmann area 47,
Left Cerebrum.Frontal-Temporal Space.*.*.*,
Left Cerebrum.Limbic Lobe.Anterior Cingulate.Gray Matter.Brodmann area 32,
Right Cerebrum.Limbic Lobe.Anterior Cingulate.Gray Matter.Brodmann area 32,
Right Cerebrum.Frontal-Temporal Space.*.*.*,
Left Cerebrum.Frontal-Temporal Space.Inferior Frontal Gyrus.*.*,
Left Cerebrum.Frontal Lobe.Sub-Gyral.Gray Matter.Brodmann area 47,
Left Cerebrum.Frontal Lobe.Extra-Nuclear.Gray Matter.Brodmann area 13,
Right Cerebrum.Sub-lobar.Extra-Nuclear.Gray Matter.Brodmann area 47,80
Right Cerebrum.Frontal Lobe.Sub-Gyral.Gray Matter.Brodmann area 47,80
Left Cerebrum.Frontal Lobe.Extra-Nuclear.White Matter.*,
Right Cerebrum.Frontal Lobe.Extra-Nuclear.White Matter.*,
Left Cerebrum.Limbic Lobe.Anterior Cingulate.Gray Matter.Brodmann area 10,
Left Cerebrum.Frontal Lobe.Medial Frontal Gyrus.Gray Matter.Brodmann area 10,
Right Cerebrum.Limbic Lobe.Anterior Cingulate.Gray Matter.Brodmann area 10,
Right Cerebrum.Frontal Lobe.Medial Frontal Gyrus.Gray Matter.Brodmann area 10,
Left Cerebrum.Frontal Lobe.Middle Frontal Gyrus.Gray Matter.Brodmann area 47,
Left Cerebrum.Frontal Lobe.Middle Frontal Gyrus.Gray Matter.Brodmann area 10,
Right Cerebrum.Frontal Lobe.Middle Frontal Gyrus.Gray Matter.Brodmann area 10,
Right Cerebrum.Frontal Lobe.Superior Frontal Gyrus.Gray Matter.Brodmann area 10,
Left Cerebrum.Frontal Lobe.Superior Frontal Gyrus.Gray Matter.Brodmann area 10,
Left Cerebrum.Occipital Lobe.Inferior Occipital Gyrus.Gray Matter.Brodmann area 19,
Right Cerebrum.Occipital Lobe.Inferior Occipital Gyrus.Gray Matter.Brodmann area 19,
*.*.Sub-Gyral.*.*,138
Left Cerebrum.Occipital Lobe.Lingual Gyrus.Gray Matter.Brodmann area 19,
Right Cerebrum.Occipital Lobe.Lingual Gyrus.Gray Matter.Brodmann area 19,141
Left Cerebrum.Occipital Lobe.Inferior Temporal Gyrus.*.*,
Left Cerebrum.Occipital Lobe.Inferior Temporal Gyrus.Gray Matter.Brodmann area 37,
Left Cerebrum.Occipital Lobe.Inferior Temporal Gyrus.Gray Matter.Brodmann area 19,265
Right Cerebrum.Occipital Lobe.Inferior Temporal Gyrus.Gray Matter.Brodmann area 37,
Right Cerebrum.Occipital Lobe.Inferior Temporal Gyrus.Gray Matter.Brodmann area 19,
Right Cerebrum.Limbic Lobe.Lingual Gyrus.White Matter.*,131
Left Cerebrum.Limbic Lobe.Parahippocampal Gyrus.Gray Matter.Brodmann area 19,298
Right Cerebrum.Limbic Lobe.Parahippocampal Gyrus.Gray Matter.Brodmann area 19,
Right Cerebrum.Limbic Lobe.Sub-Gyral.Gray Matter.Brodmann area 19,
Left Cerebrum.Limbic Lobe.Sub-Gyral.Gray Matter.Brodmann area 19,
Left Cerebrum.Limbic Lobe.Parahippocampal Gyrus.Gray Matter.Brodmann area 30,176
Right Cerebrum.Limbic Lobe.Sub-Gyral.Gray Matter.Brodmann area 30,
Right Cerebrum.Limbic Lobe.Parahippocampal Gyrus.Gray Matter.Brodmann area 30,
Left Cerebrum.Limbic Lobe.Parahippocampal Gyrus.Gray Matter.Brodmann area 27,179
Right Cerebrum.Limbic Lobe.Parahippocampal Gyrus.Gray Matter.Brodmann area 27,345
Right Cerebrum.Temporal Lobe.*.White Matter.*,
Left Cerebrum.Sub-lobar.Caudate.Gray Matter.Caudate Tail,
Right Cerebrum.Sub-lobar.Caudate.Gray Matter.Caudate Tail,
Left Brainstem.Midbrain.Thalamus.Gray Matter.Medial Geniculum Body,
Right Brainstem.Midbrain.Thalamus.Gray Matter.Medial Geniculum Body,
Left Cerebrum.Sub-lobar.Insula.White Matter.*,235
Right Cerebrum.Midbrain.*.*.*,
Right Cerebrum.Sub-lobar.Insula.White Matter.*,72
Left Cerebrum.Temporal Lobe.Superior Temporal Gyrus.Gray Matter.Brodmann area 22,330
Left Cerebrum.Sub-lobar.Insula.Gray Matter.Brodmann area 22,231
Right Cerebrum.Sub-lobar.Insula.Gray Matter.Brodmann area 13,71
Right Cerebrum.Sub-lobar.Insula.Gray Matter.Brodmann area 22,
Right Cerebrum.Temporal Lobe.Superior Temporal Gyrus.Gray Matter.Brodmann area 22,
Left Cerebrum.Sub-lobar.Insula.Gray Matter.Brodmann area 13,
Left Cerebrum.Sub-lobar.Insula.*.*,
Left Cerebrum.Sub-lobar.Claustrum.Gray Matter.*,
Right Cerebrum.Sub-lobar.Claustrum.Gray Matter.*,80
Right Cerebrum.Sub-lobar.Insula.*.*,
Left Cerebrum.Sub-lobar.Lentiform Nucleus.Gray Matter.Lateral Globus Pallidus,
Left Brainstem.Midbrain.*.Gray Matter.Subthalamic Nucleus,
Right Brainstem.Midbrain.*.Gray Matter.Subthalamic Nucleus,
Right Cerebrum.Sub-lobar.Lentiform Nucleus.Gray Matter.Lateral Globus Pallidus,344
Left Cerebrum.Sub-lobar.Lentiform Nucleus.Gray Matter.Medial Globus Pallidus,
Right Cerebrum.Sub-lobar.Lentiform Nucleus.Gray Matter.Medial Globus Pallidus,
Left Cerebrum.Temporal Lobe.Middle Temporal Gyrus.Gray Matter.Brodmann area 22,332
Right Brainstem.Midbrain.Extra-Nuclear.White Matter.*,
Right Cerebrum.Temporal Lobe.Middle Temporal Gyrus.Gray Matter.Brodmann area 22,62
Left Cerebrum.Sub-lobar.*.White Matter.*,
Right Cerebrum.Sub-lobar.*.White Matter.*,
Right Cerebrum.Temporal Lobe.Insula.*.*,160
Left Cerebrum.Sub-lobar.Caudate.Gray Matter.Caudate Head,344
Right Cerebrum.Sub-lobar.Caudate.Gray Matter.Caudate Head,347
Right Cerebrum.Sub-lobar.Insula.Gray Matter.Brodmann area 47,
Right Cerebrum.Sub-lobar.Inferior Frontal Gyrus.Gray Matter.Brodmann area 47,
Left Cerebrum.Sub-lobar.Insula.Gray Matter.Brodmann area 47,243
Left Cerebrum.Limbic Lobe.Anterior Cingulate.Gray Matter.Brodmann area 24,
Right Cerebrum.Limbic Lobe.Anterior Cingulate.Gray Matter.Brodmann area 24,152
Right Cerebrum.Frontal Lobe.*.Gray Matter.Brodmann area 10,116
Right Cerebrum.*.Medial Frontal Gyrus.*.*,
Left Cerebrum.Occipital Lobe.Cuneus.*.*,
Left Cerebrum.Occipital Lobe.Cuneus.Gray Matter.Brodmann area 18,
Left Cerebrum.Occipital Lobe.Cuneus.Gray Matter.Brodmann area 17,175
Right Cerebrum.Occipital Lobe.Cuneus.*.*,
Right Cerebrum.Occipital Lobe.Cuneus.Gray Matter.Brodmann area 17,
Right Cerebrum.Occipital Lobe.Cuneus.Gray Matter.Brodmann area 18,137
Left Cerebrum.Temporal Lobe.Inferior Temporal Gyrus.Gray Matter.Brodmann area 19,
Right Cerebrum.Temporal Lobe.Inferior Temporal Gyrus.Gray Matter.Brodmann area 19,
Left Cerebrum.Occipital Lobe.Lingual Gyrus.Gray Matter.Brodmann area 30,176
Right Cerebrum.Occipital Lobe.Lingual Gyrus.Gray Matter.Brodmann area 30,
Left Cerebrum.Frontal Lobe.Inferior Frontal Gyrus.Gray Matter.Brodmann area 10,
Right Cerebrum.Frontal Lobe.Inferior Frontal Gyrus.Gray Matter.Brodmann area 10,
Left Cerebrum.Occipital Lobe.Cuneus.White Matter.*,
Right Cerebrum.Occipital Lobe.Cuneus.White Matter.*,
Left Cerebrum.Occipital Lobe.Inferior Temporal Gyrus.Gray Matter.Brodmann area 18,
Right Cerebrum.Occipital Lobe.Inferior Temporal Gyrus.Gray Matter.Brodmann area 18,
Left Cerebrum.Limbic Lobe.Lingual Gyrus.White Matter.*,176
Left Cerebrum.Temporal Lobe.Sub-Gyral.Gray Matter.*,
Right Cerebrum.Temporal Lobe.Sub-Gyral.Gray Matter.*,
Left Cerebrum.Temporal Lobe.*.White Matter.Caudate Tail,
Left Cerebrum.Sub-lobar.Caudate.Gray Matter.*,
Left Cerebrum.Sub-lobar.Extra-Nuclear.White Matter.Caudate Tail,
Right Cerebrum.Sub-lobar.Caudate.Gray Matter.*,
Right Cerebrum.Sub-lobar.Extra-Nuclear.White Matter.Caudate Tail,
Left Cerebrum.Sub-lobar.*.Gray Matter.Lateral Geniculum Body,
Left Brainstem.Midbrain.*.Gray Matter.Medial Geniculum Body,
Right Brainstem.Midbrain.*.Gray Matter.Medial Geniculum Body,
Right Cerebrum.Sub-lobar.*.Gray Matter.Lateral Geniculum Body,
Left Cerebrum.Sub-lobar.Lentiform Nucleus.Gray Matter.*,
Right Cerebrum.Midbrain.Extra-Nuclear.White Matter.*,
Left Brainstem.Midbrain.*.White Matter.*,
Left Cerebrum.Sub-lobar.Extra-Nuclear.White Matter.Anterior Commissure,
Inter-Hemispheric.*.*.White Matter.Anterior Commissure,
Right Cerebrum.Sub-lobar.Extra-Nuclear.White Matter.Anterior Commissure,
Left Cerebrum.Frontal-Temporal Space.Superior Temporal Gyrus.*.*,
Left Cerebrum.Sub-lobar.Extra-Nuclear.White Matter.Corpus Callosum,
Inter-Hemispheric.*.*.White Matter.Corpus Callosum,
Right Cerebrum.Sub-lobar.Extra-Nuclear.White Matter.Corpus Callosum,
Left Cerebrum.Sub-lobar.Extra-Nuclear.Gray Matter.Brodmann area 47,247
Left Cerebrum.Sub-lobar.Extra-Nuclear.Cerebro-Spinal Fluid.*,
Right Cerebrum.Sub-lobar.Claustrum.White Matter.*,
Left Cerebrum.Frontal Lobe.Sub-Gyral.White Matter.Corpus Callosum,
Right Cerebrum.Frontal Lobe.Sub-Gyral.White Matter.Corpus Callosum,
Left Cerebrum.Frontal Lobe.Sub-Gyral.Gray Matter.Brodmann area 10,
Right Cerebrum.Frontal Lobe.Sub-Gyral.Gray Matter.Brodmann area 10,
*.*.*.Gray Matter.*,
Left Cerebrum.Occipital Lobe.*.Gray Matter.*,
Left Cerebrum.Occipital Lobe.Middle Occipital Gyrus.Gray Matter.*,
Right Cerebrum.Occipital Lobe.Middle Occipital Gyrus.Gray Matter.*,
Right Cerebrum.*.*.Gray Matter.*,
*.*.Middle Occipital Gyrus.Gray Matter.*,
Inter-Hemispheric.*.Lingual Gyrus.*.*,
Right Cerebrum.Occipital Lobe.Lingual Gyrus.Gray Matter.*,8
Left Cerebrum.Limbic Lobe.Lingual Gyrus.Gray Matter.*,
*.*.Middle Temporal Gyrus.Gray Matter.*,
Left Cerebrum.Temporal Lobe.Middle Temporal Gyrus.Gray Matter.*,
Left Cerebrum.Sub-lobar.Thalamus.Gray Matter.*,334
*.Sub-lobar.Extra-Nuclear.White Matter.*,
Right Cerebrum.Sub-lobar.Thalamus.Gray Matter.*,341
Left Cerebrum.Temporal Lobe.Superior Temporal Gyrus.Gray Matter.*,330
Left Cerebrum.Occipital Lobe.Cuneus.Gray Matter.*,
Inter-Hemispheric.Occipital Lobe.*.Gray Matter.*,
Right Cerebrum.Occipital Lobe.Cuneus.Gray Matter.*,
Right Cerebrum.*.Cuneus.Gray Matter.*,
Inter-Hemispheric.Occipital Lobe.Cuneus.Gray Matter.Brodmann area 18,
Inter-Hemispheric.*.Cuneus.*.*,
Right Cerebrum.Occipital Lobe.*.Gray Matter.*,
Inter-Hemispheric.Occipital Lobe.Cuneus.Gray Matter.Brodmann area 17,
Left Cerebrum.Occipital Lobe.Lingual Gyrus.Gray Matter.*,
Right Cerebrum.*.Middle Occipital Gyrus.Gray Matter.*,
Inter-Hemispheric.Occipital Lobe.Cuneus.*.*,
Inter-Hemispheric.Occipital Lobe.Cuneus.Gray Matter.*,
Inter-Hemispheric.Occipital Lobe.Lingual Gyrus.Gray Matter.*,
Right Cerebrum.*.Middle Occipital Gyrus.*.*,
Inter-Hemispheric.Occipital Lobe.*.*.*,
Left Cerebrum.Occipital Lobe.Inferior Temporal Gyrus.Gray Matter.*,
Right Cerebrum.Occipital Lobe.Inferior Temporal Gyrus.Gray Matter.*,
*.*.Inferior Temporal Gyrus.Gray Matter.*,
Right Cerebrum.*.Inferior Temporal Gyrus.Gray Matter.*,
Left Cerebrum.Occipital Lobe.Sub-Gyral.Gray Matter.*,
Left Cerebrum.Temporal Lobe.Inferior Temporal Gyrus.Gray Matter.*,
Right Cerebrum.Temporal Lobe.Inferior Temporal Gyrus.Gray Matter.*,
Right Cerebrum.Temporal Lobe.Middle Temporal Gyrus.Gray Matter.*,
Left Cerebrum.Occipital Lobe.Middle Temporal Gyrus.*.*,
Left Cerebrum.Occipital Lobe.Middle Temporal Gyrus.Gray Matter.*,
Left Cerebrum.Occipital Lobe.Middle Temporal Gyrus.Gray Matter.Brodmann area 37,
*.*.Culmen of Vermis.*.*,
Right Cerebrum.Occipital Lobe.Middle Temporal Gyrus.Gray Matter.Brodmann area 37,100
Right Cerebrum.Occipital Lobe.Middle Temporal Gyrus.*.*,
Left Cerebrum.Occipital Lobe.Middle Temporal Gyrus.White Matter.*,
Right Cerebrum.*.Middle Temporal Gyrus.*.*,
Right Cerebellum.Anterior Lobe.Culmen.Gray Matter.Brodmann area 19,
Left Cerebrum.Temporal Lobe.Lingual Gyrus.White Matter.*,
Left Cerebrum.Temporal Lobe.Lingual Gyrus.Gray Matter.Brodmann area 19,
Right Cerebrum.Limbic Lobe.Parahippocampal Gyrus.Gray Matter.*,14
Right Cerebrum.Temporal Lobe.Lingual Gyrus.Gray Matter.Brodmann area 19,20
Right Cerebrum.Temporal Lobe.Lingual Gyrus.White Matter.*,
Left Cerebrum.Limbic Lobe.Parahippocampal Gyrus.Gray Matter.*,
Left Cerebrum.Temporal Lobe.*.Cerebro-Spinal Fluid.Caudate Tail,
Left Cerebrum.Temporal Lobe.*.White Matter.*,
Right Cerebrum.Temporal Lobe.Extra-Nuclear.White Matter.*,
Right Brainstem.*.*.*.*,
Right Cerebrum.Temporal Lobe.Superior Temporal Gyrus.Gray Matter.*,
Left Brainstem.Midbrain.Extra-Nuclear.White Matter.*,
Right Cerebrum.*.Superior Temporal Gyrus.*.*,
Left Cerebrum.Temporal Lobe.Insula.Gray Matter.*,
Left Cerebrum.Sub-lobar.Thalamus.Gray Matter.Ventral Posterior Lateral Nucleus,334
Left Cerebrum.Sub-lobar.Thalamus.Gray Matter.Ventral Posterior Medial Nucleus,334
Left Cerebrum.Sub-lobar.Thalamus.Gray Matter.Mammillary Body,334
Right Cerebrum.Sub-lobar.Thalamus.Gray Matter.Mammillary Body,341
Right Cerebrum.Sub-lobar.Thalamus.Gray Matter.Ventral Posterior Medial Nucleus,341
Right Cerebrum.Sub-lobar.Thalamus.Gray Matter.Ventral Posterior Lateral Nucleus,
Right Cerebrum.Sub-lobar.Insula.Gray Matter.*,
Right Cerebrum.Temporal Lobe.Insula.Gray Matter.*,160
Left Cerebrum.Temporal Lobe.Insula.Gray Matter.Brodmann area 22,
Right Cerebrum.Temporal Lobe.Insula.Gray Matter.Brodmann area 22,
Left Cerebrum.Temporal Lobe.Insula.Gray Matter.Brodmann area 13,
Right Cerebrum.Temporal Lobe.Insula.Gray Matter.Brodmann area 13,
Left Cerebrum.Temporal Lobe.Insula.*.*,
Left Cerebrum.Sub-lobar.Insula.Gray Matter.*,
Right Cerebrum.Sub-lobar.Extra-Nuclear.White Matter.Medial Globus Pallidus,
Right Cerebrum.Sub-lobar.Extra-Nuclear.White Matter.Lateral Globus Pallidus,344
Left Cerebrum.Sub-lobar.Extra-Nuclear.White Matter.Lateral Globus Pallidus,
Left Cerebrum.Sub-lobar.Extra-Nuclear.White Matter.Putamen,
Right Cerebrum.Sub-lobar.Extra-Nuclear.White Matter.Putamen,
Left Cerebrum.Sub-lobar.Caudate.Cerebro-Spinal Fluid.Caudate Head,
Left Cerebrum.Frontal Lobe.Inferior Frontal Gyrus.Gray Matter.*,
Right Cerebrum.Frontal Lobe.Inferior Frontal Gyrus.Gray Matter.*,
Right Cerebrum.Sub-lobar.Caudate.Cerebro-Spinal Fluid.Caudate Head,
Left Cerebrum.Frontal Lobe.Inferior Frontal Gyrus.Gray Matter.Brodmann area 45,
Right Cerebrum.Frontal Lobe.Inferior Frontal Gyrus.Gray Matter.Brodmann area 45,
Left Cerebrum.Sub-lobar.Inferior Frontal Gyrus.Gray Matter.Brodmann area 47,249
Left Cerebrum.Limbic Lobe.Anterior Cingulate.Gray Matter.*,
Right Cerebrum.Limbic Lobe.Anterior Cingulate.Gray Matter.*,117
Left Cerebrum.Frontal Lobe.Inferior Frontal Gyrus.Gray Matter.Brodmann area 46,
Right Cerebrum.Frontal Lobe.Inferior Frontal Gyrus.Gray Matter.Brodmann area 46,
Left Cerebrum.Frontal Lobe.Sub-Gyral.Gray Matter.*,
Left Cerebrum.Frontal Lobe.Medial Frontal Gyrus.Gray Matter.Brodmann area 32,
Left Cerebrum.Frontal Lobe.Medial Frontal Gyrus.Gray Matter.*,277
Right Cerebrum.Frontal Lobe.Medial Frontal Gyrus.Gray Matter.Brodmann area 32,22
Right Cerebrum.Frontal Lobe.Superior Frontal Gyrus.Gray Matter.*,
Right Cerebrum.Frontal Lobe.Sub-Gyral.Gray Matter.*,78
Left Cerebrum.Frontal Lobe.Superior Frontal Gyrus.Gray Matter.*,278
Right Cerebrum.Frontal Lobe.Medial Frontal Gyrus.Gray Matter.*,
Left Cerebrum.Frontal Lobe.Middle Frontal Gyrus.Gray Matter.*,
Right Cerebrum.Frontal Lobe.Middle Frontal Gyrus.Gray Matter.*,
Inter-Hemispheric.Frontal Lobe.*.*.*,
Right Cerebrum.Frontal Lobe.*.Gray Matter.*,
Inter-Hemispheric.Sub-lobar.Extra-Nuclear.White Matter.*,
Left Cerebrum.Sub-lobar.Thalamus.Gray Matter.Pulvinar,334
Right Cerebrum.Sub-lobar.Thalamus.Gray Matter.Pulvinar,341
Inter-Hemispheric.*.*.Cerebro-Spinal Fluid.Optic Tract,341
Left Cerebrum.Temporal Lobe.Middle Occipital Gyrus.*.*,264
Right Cerebrum.Temporal Lobe.Middle Occipital Gyrus.*.*,
Right Cerebrum.Temporal Lobe.Middle Occipital Gyrus.Gray Matter.Brodmann area 37,99
Left Cerebrum.Temporal Lobe.Middle Occipital Gyrus.Gray Matter.Brodmann area 37,
Left Cerebrum.Temporal Lobe.Middle Occipital Gyrus.White Matter.*,
Right Cerebrum.Temporal Lobe.Middle Occipital Gyrus.White Matter.*,
Left Cerebrum.Limbic Lobe.Parahippocampal Gyrus.Gray Matter.Brodmann area 18,175
Right Cerebrum.Limbic Lobe.Parahippocampal Gyrus.Gray Matter.Brodmann area 18,
Inter-Hemispheric.Sub-lobar.Extra-Nuclear.Cerebro-Spinal Fluid.Optic Tract,
Right Cerebrum.Sub-lobar.Superior Temporal Gyrus.Gray Matter.Brodmann area 22,
Left Cerebrum.Temporal Lobe.Insula.White Matter.*,224
Left Cerebrum.Sub-lobar.Thalamus.Gray Matter.Medial Dorsal Nucleus,334
Right Cerebrum.Sub-lobar.Thalamus.Gray Matter.Medial Dorsal Nucleus,341
Left Cerebrum.Sub-lobar.Extra-Nuclear.Cerebro-Spinal Fluid.Optic Tract,
Right Cerebrum.*.*.Cerebro-Spinal Fluid.Optic Tract,341
Right Cerebrum.Sub-lobar.Lentiform Nucleus.Gray Matter.*,344
Right Cerebrum.Sub-lobar.Extra-Nuclear.Cerebro-Spinal Fluid.Optic Tract,
Right Cerebrum.Sub-lobar.Superior Temporal Gyrus.*.*,111
Left Cerebrum.Sub-lobar.Thalamus.Gray Matter.Ventral Lateral Nucleus,334
Right Cerebrum.Sub-lobar.Thalamus.Gray Matter.Ventral Lateral Nucleus,341
Right Cerebrum.*.Thalamus.Gray Matter.*,341
Left Cerebrum.Sub-lobar.Thalamus.Gray Matter.Ventral Anterior Nucleus,334
Right Cerebrum.Sub-lobar.Thalamus.Gray Matter.Ventral Anterior Nucleus,
Left Cerebrum.Frontal-Temporal Space.Insula.*.*,274
Left Cerebrum.Frontal Lobe.Insula.*.*,274
Right Cerebrum.Sub-lobar.Inferior Frontal Gyrus.*.*,
Inter-Hemispheric.Sub-lobar.Extra-Nuclear.White Matter.Corpus Callosum,
Right Cerebrum.*.*.White Matter.Corpus Callosum,
Right Cerebrum.Sub-lobar.Inferior Frontal Gyrus.Gray Matter.Brodmann area 45,
Left Cerebrum.Sub-lobar.Inferior Frontal Gyrus.*.*,
Left Cerebrum.Sub-lobar.Insula.Gray Matter.Brodmann area 45,
Right Cerebrum.Sub-lobar.Insula.Gray Matter.Brodmann area 45,
Right Cerebrum.Sub-lobar.*.White Matter.Corpus Callosum,
Right Cerebrum.Frontal Lobe.Middle Frontal Gyrus.Gray Matter.Brodmann area 46,
Inter-Hemispheric.Frontal Lobe.Medial Frontal Gyrus.*.*,
Left Cerebrum.Occipital Lobe.Cuneus.Gray Matter.Brodmann area 30,175
Right Cerebrum.Occipital Lobe.Cuneus.Gray Matter.Brodmann area 30,15
Left Cerebrum.Limbic Lobe.Posterior Cingulate.White Matter.*,174
Left Cerebrum.Limbic Lobe.Posterior Cingulate.Gray Matter.Brodmann area 30,
Right Cerebrum.Limbic Lobe.Posterior Cingulate.White Matter.*,13
Right Cerebrum.Limbic Lobe.Posterior Cingulate.Gray Matter.Brodmann area 30,1
Left Cerebrum.Occipital Lobe.Posterior Cingulate.White Matter.*,
Left Cerebrum.Limbic Lobe.Posterior Cingulate.*.*,
Right Cerebrum.Limbic Lobe.Posterior Cingulate.*.*,14
Right Cerebrum.Occipital Lobe.Posterior Cingulate.Gray Matter.Brodmann area 30,
Left Cerebrum.Limbic Lobe.Posterior Cingulate.Gray Matter.Brodmann area 29,
Right Cerebrum.Limbic Lobe.Posterior Cingulate.Gray Matter.Brodmann area 29,
Left Cerebrum.Temporal Lobe.Superior Temporal Gyrus.Gray Matter.Brodmann area 41,224
Right Cerebrum.Temporal Lobe.Superior Temporal Gyrus.Gray Matter.Brodmann area 41,68
Left Cerebrum.Temporal Lobe.Superior Temporal Gyrus.Gray Matter.Brodmann area 42,233
Right Cerebrum.Temporal Lobe.Superior Temporal Gyrus.Gray Matter.Brodmann area 42,
Right Cerebrum.Sub-lobar.Extra-Nuclear.White Matter.Pulvinar,341
Left Cerebrum.Sub-lobar.Extra-Nuclear.White Matter.Ventral Posterior Lateral Nucleus,
Left Cerebrum.Temporal Lobe.Precentral Gyrus.*.*,
Left Cerebrum.Frontal Lobe.Precentral Gyrus.*.*,
Right Cerebrum.Frontal Lobe.Precentral Gyrus.*.*,
Right Cerebrum.Temporal Lobe.Precentral Gyrus.*.*,160
Left Cerebrum.Frontal Lobe.Precentral Gyrus.Gray Matter.Brodmann area 6,
Right Cerebrum.Frontal Lobe.Precentral Gyrus.Gray Matter.Brodmann area 6,
Right Cerebrum.Sub-lobar.Thalamus.Gray Matter.Anterior Nucleus,341
Left Cerebrum.Frontal Lobe.Precentral Gyrus.White Matter.*,
Left Cerebrum.Sub-lobar.Thalamus.Gray Matter.Anterior Nucleus,334
Right Cerebrum.Frontal Lobe.Precentral Gyrus.White Matter.*,
Inter-Hemispheric.*.*.White Matter.*,
Right Cerebrum.Frontal Lobe.Precentral Gyrus.Gray Matter.Brodmann area 44,
Left Cerebrum.Frontal Lobe.Precentral Gyrus.Gray Matter.Brodmann area 44,275
Right Cerebrum.Sub-lobar.Insula.Gray Matter.Brodmann area 44,
Left Cerebrum.Sub-lobar.Caudate.Gray Matter.Caudate Body,335
Right Cerebrum.Sub-lobar.Caudate.Gray Matter.Caudate Body,342
Left Cerebrum.Limbic Lobe.Anterior Cingulate.White Matter.Corpus Callosum,
Right Cerebrum.Limbic Lobe.Anterior Cingulate.White Matter.Corpus Callosum,
Right Cerebrum.Frontal Lobe.Sub-Gyral.Gray Matter.Brodmann area 46,
Left Cerebrum.Frontal Lobe.Middle Frontal Gyrus.Gray Matter.Brodmann area 46,
Left Cerebrum.*.Middle Occipital Gyrus.*.*,
Left Cerebrum.Occipital Lobe.Middle Temporal Gyrus.Gray Matter.Brodmann area 19,
Right Cerebrum.Occipital Lobe.Middle Temporal Gyrus.Gray Matter.Brodmann area 19,
Right Cerebrum.Occipital Lobe.Middle Temporal Gyrus.White Matter.*,
Left Cerebrum.Occipital Lobe.Middle Temporal Gyrus.Gray Matter.Brodmann area 39,
Left Cerebrum.Temporal Lobe.Middle Temporal Gyrus.Gray Matter.Brodmann area 39,
Right Cerebrum.Temporal Lobe.Middle Temporal Gyrus.Gray Matter.Brodmann area 39,
Right Cerebrum.Occipital Lobe.Middle Temporal Gyrus.Gray Matter.Brodmann area 39,
Left Cerebrum.Occipital Lobe.Cuneus.Gray Matter.Brodmann area 23,175
Right Cerebrum.Occipital Lobe.Cuneus.Gray Matter.Brodmann area 23,
Left Cerebrum.Temporal Lobe.Superior Temporal Gyrus.Gray Matter.Brodmann area 39,267
Right Cerebrum.Temporal Lobe.Superior Temporal Gyrus.Gray Matter.Brodmann area 39,
Inter-Hemispheric.Limbic Lobe.Posterior Cingulate.*.*,
Left Cerebrum.Limbic Lobe.Extra-Nuclear.White Matter.Corpus Callosum,
Right Cerebrum.Limbic Lobe.Extra-Nuclear.White Matter.Corpus Callosum,
Left Cerebrum.Limbic Lobe.Sub-Gyral.White Matter.Corpus Callosum,
Inter-Hemispheric.Limbic Lobe.Extra-Nuclear.White Matter.Corpus Callosum,
Right Cerebrum.Limbic Lobe.Sub-Gyral.White Matter.Corpus Callosum,
*.*.Superior Temporal Gyrus.*.*,
Left Cerebrum.Temporal Lobe.Transverse Temporal Gyrus.White Matter.*,
Right Cerebrum.Temporal Lobe.Transverse Temporal Gyrus.White Matter.*,66
Right Cerebrum.Temporal Lobe.Transverse Temporal Gyrus.Gray Matter.Brodmann area 41,66
Left Cerebrum.Temporal Lobe.Transverse Temporal Gyrus.Gray Matter.Brodmann area 41,
Left Cerebrum.Sub-lobar.Insula.Gray Matter.Brodmann area 41,
Right Cerebrum.Sub-lobar.Insula.Gray Matter.Brodmann area 41,
Left Cerebrum.Sub-lobar.Transverse Temporal Gyrus.Gray Matter.Brodmann area 41,171
Left Cerebrum.Sub-lobar.Transverse Temporal Gyrus.White Matter.*,
Left Cerebrum.Sub-lobar.Thalamus.Gray Matter.Lateral Posterior Nucleus,334
Right Cerebrum.Sub-lobar.Thalamus.Gray Matter.Lateral Posterior Nucleus,
Right Cerebrum.Temporal Lobe.Transverse Temporal Gyrus.Gray Matter.Brodmann area 42,
Left Cerebrum.Temporal Lobe.Transverse Temporal Gyrus.*.*,
Left Cerebrum.Temporal Lobe.Transverse Temporal Gyrus.Gray Matter.Brodmann area 42,
Right Cerebrum.Temporal Lobe.Transverse Temporal Gyrus.*.*,
Right Cerebrum.Temporal Lobe.Precentral Gyrus.White Matter.*,66
Left Cerebrum.Frontal Lobe.Transverse Temporal Gyrus.White Matter.*,
Left Cerebrum.Frontal Lobe.Precentral Gyrus.Gray Matter.Brodmann area 13,
Left Cerebrum.Sub-lobar.Precentral Gyrus.Gray Matter.Brodmann area 13,227
Right Cerebrum.Frontal Lobe.Precentral Gyrus.Gray Matter.Brodmann area 13,
Left Cerebrum.*.Transverse Temporal Gyrus.*.*,
Left Cerebrum.Temporal Lobe.Precentral Gyrus.White Matter.*,
Left Cerebrum.Temporal Lobe.Precentral Gyrus.Gray Matter.Brodmann area 43,
Left Cerebrum.Frontal Lobe.Precentral Gyrus.Gray Matter.Brodmann area 43,268
Right Cerebrum.Frontal Lobe.Precentral Gyrus.Gray Matter.Brodmann area 43,101
Right Cerebrum.Temporal Lobe.Precentral Gyrus.Gray Matter.Brodmann area 42,101
Left Cerebrum.Temporal Lobe.Precentral Gyrus.Gray Matter.Brodmann area 42,
Left Cerebrum.*.Precentral Gyrus.*.*,
Inter-Hemispheric.Sub-lobar.Lateral Ventricle.Cerebro-Spinal Fluid.*,
Right Cerebrum.*.Precentral Gyrus.*.*,
Left Cerebrum.Frontal Lobe.Insula.White Matter.*,
Right Cerebrum.Frontal Lobe.Insula.White Matter.*,
Left Cerebrum.Frontal Lobe.Inferior Frontal Gyrus.Gray Matter.Brodmann area 44,
Right Cerebrum.Frontal Lobe.Inferior Frontal Gyrus.Gray Matter.Brodmann area 44,
Left Cerebrum.Limbic Lobe.Extra-Nuclear.*.*,
Right Cerebrum.Limbic Lobe.Extra-Nuclear.*.*,
Inter-Hemispheric.Limbic Lobe.Anterior Cingulate.*.*,
Left Cerebrum.*.Middle Frontal Gyrus.*.*,
Right Cerebrum.*.*.Gray Matter.Brodmann area 10,
Inter-Hemispheric.Frontal Lobe.Medial Frontal Gyrus.Gray Matter.Brodmann area 10,
Left Cerebrum.Limbic Lobe.Posterior Cingulate.Gray Matter.Brodmann area 31,
Right Cerebrum.Limbic Lobe.Posterior Cingulate.Gray Matter.Brodmann area 31,
Left Cerebrum.Limbic Lobe.Posterior Cingulate.Gray Matter.Brodmann area 18,175
Left Cerebrum.Limbic Lobe.Posterior Cingulate.Gray Matter.*,
Right Cerebrum.Limbic Lobe.Posterior Cingulate.Gray Matter.Brodmann area 18,
Right Cerebrum.Limbic Lobe.Posterior Cingulate.Gray Matter.*,
Left Cerebrum.Limbic Lobe.Posterior Cingulate.Gray Matter.Brodmann area 23,162
Right Cerebrum.Limbic Lobe.Posterior Cingulate.Gray Matter.Brodmann area 23,1
Left Cerebrum.Occipital Lobe.Middle Temporal Gyrus.Gray Matter.Brodmann area 22,
Left Cerebrum.*.Superior Temporal Gyrus.Gray Matter.Brodmann area 22,
Right Cerebrum.Occipital Lobe.Middle Temporal Gyrus.Gray Matter.Brodmann area 22,6
Left Cerebrum.Occipital Lobe.Superior Temporal Gyrus.Gray Matter.Brodmann area 22,
Right Cerebrum.Temporal Lobe.Sub-Gyral.Gray Matter.Brodmann area 41,10
Right Cerebrum.Temporal Lobe.Insula.White Matter.*,
771     Right Cerebrum.Temporal Lobe.Insula.Gray Matter.Brodmann area 41,
772     Left Cerebrum.Temporal Lobe.Postcentral Gyrus.*.*,
773     Left Cerebrum.Parietal Lobe.Postcentral Gyrus.*.*,
774     Left Cerebrum.Parietal Lobe.Postcentral Gyrus.Gray Matter.Brodmann area 40,
775     Left Cerebrum.Parietal Lobe.Insula.White Matter.*,
776     Left Cerebrum.Sub-lobar.Extra-Nuclear.White Matter.Pulvinar,
777     Right Cerebrum.Parietal Lobe.Insula.White Matter.*,102
778     Right Cerebrum.Parietal Lobe.Postcentral Gyrus.Gray Matter.Brodmann area 40,
779     Right Cerebrum.Temporal Lobe.Postcentral Gyrus.*.*,
780     Right Cerebrum.Parietal Lobe.Superior Temporal Gyrus.*.*,
781     Right Cerebrum.Sub-lobar.Insula.Gray Matter.Brodmann area 40,
782     Right Cerebrum.Parietal Lobe.Postcentral Gyrus.*.*,104
783     Left Cerebrum.Parietal Lobe.Superior Temporal Gyrus.*.*,334
784     Left Cerebrum.Parietal Lobe.Postcentral Gyrus.White Matter.*,341
785     Left Cerebrum.Sub-lobar.Insula.Gray Matter.Brodmann area 40,
786     Right Cerebrum.Parietal Lobe.Postcentral Gyrus.White Matter.*,
787     Left Cerebrum.Sub-lobar.Thalamus.Gray Matter.Lateral Dorsal Nucleus,
788     Right Cerebrum.Sub-lobar.Thalamus.Gray Matter.Lateral Dorsal Nucleus,
789     Left Cerebrum.*.Postcentral Gyrus.*.*,
790     Left Cerebrum.Sub-lobar.Thalamus.Gray Matter.Midline Nucleus,334
791     Right Cerebrum.Sub-lobar.Thalamus.Gray Matter.Midline Nucleus,341
792     Left Cerebrum.Parietal Lobe.Postcentral Gyrus.Gray Matter.Brodmann area 43,
793     Right Cerebrum.Parietal Lobe.Postcentral Gyrus.Gray Matter.Brodmann area 43,
794     Left Cerebrum.Parietal Lobe.Postcentral Gyrus.Gray Matter.*,
795     Right Cerebrum.Parietal Lobe.Postcentral Gyrus.Gray Matter.*,
796     Left Cerebrum.Parietal Lobe.Sub-Gyral.White Matter.*,
797     Right Cerebrum.Parietal Lobe.Sub-Gyral.Gray Matter.Brodmann area 43,
798     Right Cerebrum.Parietal Lobe.Sub-Gyral.White Matter.*,56
799     Left Cerebrum.Parietal Lobe.*.*.*,
800     Left Cerebrum.Parietal Lobe.Precentral Gyrus.White Matter.*,216
801     Left Cerebrum.Parietal Lobe.Extra-Nuclear.White Matter.*,
802     Right Cerebrum.Parietal Lobe.Precentral Gyrus.White Matter.*,
803     Left Cerebrum.Parietal Lobe.Precentral Gyrus.*.*,
804     Left Cerebrum.Parietal Lobe.Precentral Gyrus.Gray Matter.Brodmann area 4,
805     Right Cerebrum.Frontal Lobe.Precentral Gyrus.Gray Matter.Brodmann area 4,
806     Right Cerebrum.Parietal Lobe.Precentral Gyrus.Gray Matter.Brodmann area 4,
807     Right Cerebrum.Parietal Lobe.Precentral Gyrus.*.*,
808     Left Cerebrum.Frontal Lobe.Precentral Gyrus.Gray Matter.Brodmann area 4,197
809     Left Cerebrum.Frontal Lobe.Inferior Frontal Gyrus.Gray Matter.Brodmann area 6,
810     Right Cerebrum.Frontal Lobe.Inferior Frontal Gyrus.Gray Matter.Brodmann area 6,
811     Left Cerebrum.*.Inferior Frontal Gyrus.*.*,
812     *.*.Middle Frontal Gyrus.*.*,
813     Left Cerebrum.Limbic Lobe.Anterior Cingulate.Gray Matter.Brodmann area 9,
814     Left Cerebrum.Frontal Lobe.Medial Frontal Gyrus.Gray Matter.Brodmann area 9,
815     Right Cerebrum.Frontal Lobe.Medial Frontal Gyrus.Gray Matter.Brodmann area 9,
816     Right Cerebrum.Limbic Lobe.Anterior Cingulate.Gray Matter.Brodmann area 9,
817     Left Cerebrum.*.Superior Frontal Gyrus.*.*,
818     Left Cerebrum.Temporal Lobe.Middle Temporal Gyrus.Gray Matter.Brodmann area 19,258
819     Right Cerebrum.Temporal Lobe.Middle Temporal Gyrus.Gray Matter.Brodmann area 19,
820     Left Cerebrum.Temporal Lobe.Middle Occipital Gyrus.Gray Matter.Brodmann area 19,258
821     Left Cerebrum.Occipital Lobe.Precuneus.White Matter.*,255
822     Right Cerebrum.Occipital Lobe.Precuneus.White Matter.*,
823     Left Cerebrum.Occipital Lobe.Precuneus.Gray Matter.Brodmann area 31,
824     Right Cerebrum.Occipital Lobe.Precuneus.Gray Matter.Brodmann area 31,5
825     Left Cerebrum.Occipital Lobe.Precuneus.*.*,
826     Left Cerebrum.Occipital Lobe.Precuneus.Gray Matter.Brodmann area 18,
827     Right Cerebrum.Occipital Lobe.Precuneus.Gray Matter.Brodmann area 18,
828     Right Cerebrum.Occipital Lobe.Precuneus.*.*,1
829     Left Cerebrum.Occipital Lobe.Precuneus.Gray Matter.Brodmann area 23,
830     Right Cerebrum.Occipital Lobe.Precuneus.Gray Matter.Brodmann area 23,
831     Left Cerebrum.Sub-lobar.Posterior Cingulate.White Matter.*,174
832     Right Cerebrum.Sub-lobar.Posterior Cingulate.White Matter.*,
833     Left Cerebrum.Frontal Lobe.Postcentral Gyrus.White Matter.*,
834     Right Cerebrum.Frontal Lobe.Postcentral Gyrus.White Matter.*,
835     Left Cerebrum.Frontal Lobe.Postcentral Gyrus.Gray Matter.Brodmann area 4,
836     Right Cerebrum.Frontal Lobe.Postcentral Gyrus.Gray Matter.Brodmann area 4,
837     *.*.Precentral Gyrus.*.*,
838     Left Cerebrum.Limbic Lobe.Anterior Cingulate.Gray Matter.Brodmann area 33,
839     Right Cerebrum.Limbic Lobe.Anterior Cingulate.Gray Matter.Brodmann area 33,
840     Inter-Hemispheric.*.Anterior Cingulate.*.*,
841     Left Cerebrum.Frontal Lobe.Anterior Cingulate.Gray Matter.Brodmann area 9,
842     *.*.Cuneus.*.*,
843     Left Cerebrum.Occipital Lobe.Cuneus.Gray Matter.Brodmann area 19,
844     Right Cerebrum.Occipital Lobe.Cuneus.Gray Matter.Brodmann area 19,
845     *.*.Superior Occipital Gyrus.*.*,
846     Left Cerebrum.Occipital Lobe.Superior Occipital Gyrus.*.*,
847     Right Cerebrum.Occipital Lobe.Superior Occipital Gyrus.*.*,
848     Left Cerebrum.Occipital Lobe.Superior Occipital Gyrus.Gray Matter.Brodmann area 19,
849     Right Cerebrum.Occipital Lobe.Superior Occipital Gyrus.Gray Matter.Brodmann area 19,
850     Left Cerebrum.Occipital Lobe.Superior Occipital Gyrus.White Matter.*,
851     Right Cerebrum.Occipital Lobe.Superior Occipital Gyrus.White Matter.*,
852     Left Cerebrum.Temporal Lobe.Superior Occipital Gyrus.*.*,
853     Right Cerebrum.Temporal Lobe.Superior Occipital Gyrus.*.*,
854     Left Cerebrum.Temporal Lobe.Cuneus.White Matter.*,
855     Right Cerebrum.Temporal Lobe.Cuneus.White Matter.*,
856     Left Cerebrum.Parietal Lobe.Precuneus.Gray Matter.Brodmann area 31,
857     Left Cerebrum.Parietal Lobe.Precuneus.Gray Matter.Brodmann area 18,255
858     Right Cerebrum.Parietal Lobe.Precuneus.Gray Matter.Brodmann area 18,
859     Right Cerebrum.Parietal Lobe.Precuneus.Gray Matter.Brodmann area 31,5
860     Left Cerebrum.Parietal Lobe.Precuneus.White Matter.*,
861     Left Cerebrum.Parietal Lobe.Precuneus.*.*,
862     Right Cerebrum.Parietal Lobe.Precuneus.*.*,
863     Right Cerebrum.Temporal Lobe.Precuneus.Gray Matter.Brodmann area 31,
864     Right Cerebrum.Parietal Lobe.Precuneus.White Matter.*,
865     *.Frontal Lobe.Middle Temporal Gyrus.Gray Matter.Brodmann area 39,
866     Right Cerebrum.Temporal Lobe.Precuneus.White Matter.*,89
867     Left Cerebrum.Temporal Lobe.Precuneus.White Matter.*,
868     Left Cerebrum.Temporal Lobe.Supramarginal Gyrus.*.*,
869     Left Cerebrum.Temporal Lobe.Supramarginal Gyrus.Gray Matter.Brodmann area 40,
870     Left Cerebrum.Temporal Lobe.Supramarginal Gyrus.White Matter.*,220
871     Right Cerebrum.Temporal Lobe.Supramarginal Gyrus.White Matter.*,6
872     Right Cerebrum.Temporal Lobe.Supramarginal Gyrus.Gray Matter.Brodmann area 40,
873     Right Cerebrum.Temporal Lobe.Supramarginal Gyrus.*.*,
874     Left Cerebrum.Temporal Lobe.Inferior Parietal Lobule.White Matter.*,
875     Right Cerebrum.Parietal Lobe.Extra-Nuclear.White Matter.*,
876     Right Cerebrum.Temporal Lobe.Inferior Parietal Lobule.White Matter.*,
877     Left Cerebrum.Temporal Lobe.Inferior Parietal Lobule.Gray Matter.Brodmann area 40,
878     Left Cerebrum.Parietal Lobe.Inferior Parietal Lobule.Gray Matter.Brodmann area 40,211
879     Left Cerebrum.Parietal Lobe.Inferior Parietal Lobule.White Matter.*,
880     Right Cerebrum.Parietal Lobe.Inferior Parietal Lobule.White Matter.*,
881     Right Cerebrum.Parietal Lobe.Inferior Parietal Lobule.Gray Matter.Brodmann area 40,
882     Left Cerebrum.Parietal Lobe.Supramarginal Gyrus.*.*,
883     Right Cerebrum.Parietal Lobe.Supramarginal Gyrus.*.*,
884     Left Cerebrum.Temporal Lobe.Inferior Parietal Lobule.*.*,
885     Right Cerebrum.Temporal Lobe.Inferior Parietal Lobule.Gray Matter.Brodmann area 40,
886     Right Cerebrum.Temporal Lobe.Inferior Parietal Lobule.*.*,
887     Left Cerebrum.Parietal Lobe.Inferior Parietal Lobule.*.*,223
888     Inter-Hemispheric.Limbic Lobe.*.*.*,
889     Right Cerebrum.Parietal Lobe.Inferior Parietal Lobule.*.*,
890     Left Cerebrum.Limbic Lobe.*.White Matter.*,
891     Left Cerebrum.Parietal Lobe.Postcentral Gyrus.Gray Matter.Brodmann area 2,217
892     Right Cerebrum.Parietal Lobe.Postcentral Gyrus.Gray Matter.Brodmann area 2,
893     Left Cerebrum.Parietal Lobe.Postcentral Gyrus.Gray Matter.Brodmann area 1,223
894     Right Cerebrum.Parietal Lobe.Postcentral Gyrus.Gray Matter.Brodmann area 1,
895     Left Cerebrum.Parietal Lobe.Postcentral Gyrus.Gray Matter.Brodmann area 3,
896     Right Cerebrum.Parietal Lobe.Postcentral Gyrus.Gray Matter.Brodmann area 3,
897     Left Cerebrum.Frontal Lobe.Postcentral Gyrus.Gray Matter.Brodmann area 3,212
898     Right Cerebrum.Frontal Lobe.Postcentral Gyrus.Gray Matter.Brodmann area 3,53
899     Left Cerebrum.Frontal Lobe.Inferior Frontal Gyrus.Gray Matter.Brodmann area 9,
900     Right Cerebrum.Frontal Lobe.Inferior Frontal Gyrus.Gray Matter.Brodmann area 9,
901     Right Cerebrum.Frontal Lobe.Precentral Gyrus.Gray Matter.Brodmann area 9,
902     Left Cerebrum.Frontal Lobe.Superior Frontal Gyrus.Gray Matter.Brodmann area 9,
903     Right Cerebrum.Frontal Lobe.Superior Frontal Gyrus.Gray Matter.Brodmann area 9,
904     Inter-Hemispheric.*.Superior Frontal Gyrus.*.*,24
Right Cerebrum.Occipital Lobe.Cuneus.Gray Matter.Brodmann area 31,90
906     Left Cerebrum.Temporal Lobe.Superior Occipital Gyrus.Gray Matter.Brodmann area 39,259
907     Right Cerebrum.Temporal Lobe.Superior Occipital Gyrus.Gray Matter.Brodmann area 39,94
908     Left Cerebrum.Occipital Lobe.Superior Occipital Gyrus.Gray Matter.Brodmann area 39,253
909     Left Cerebrum.Occipital Lobe.Cuneus.Gray Matter.Brodmann area 31,
910     Right Cerebrum.Occipital Lobe.Superior Occipital Gyrus.Gray Matter.Brodmann area 39,94
911     Left Cerebrum.Limbic Lobe.Precuneus.*.*,162
Left Cerebrum.Limbic Lobe.Cingulate Gyrus.*.*,186
913     Right Cerebrum.Limbic Lobe.Cingulate Gyrus.*.*,26
914     Right Cerebrum.Limbic Lobe.Precuneus.*.*,
915     Left Cerebrum.Limbic Lobe.Cingulate Gyrus.Gray Matter.Brodmann area 31,162
916     Right Cerebrum.Limbic Lobe.Cingulate Gyrus.Gray Matter.Brodmann area 31,
917     Left Cerebrum.Temporal Lobe.Sub-Gyral.Gray Matter.Brodmann area 39,
918     Right Cerebrum.Temporal Lobe.Sub-Gyral.Gray Matter.Brodmann area 39,
919     Left Cerebrum.Limbic Lobe.Precuneus.White Matter.*,
920     Left Cerebrum.Limbic Lobe.Precuneus.Gray Matter.Brodmann area 31,
921     Left Cerebrum.Limbic Lobe.Cingulate Gyrus.White Matter.*,
922     Right Cerebrum.Limbic Lobe.Cingulate Gyrus.White Matter.*,
923     Right Cerebrum.Limbic Lobe.Precuneus.Gray Matter.Brodmann area 31,
924     Right Cerebrum.Limbic Lobe.Precuneus.White Matter.*,
925     Left Cerebrum.Occipital Lobe.Superior Temporal Gyrus.*.*,
926     Right Cerebrum.Occipital Lobe.Superior Temporal Gyrus.*.*,
927     Left Cerebrum.Parietal Lobe.Supramarginal Gyrus.Gray Matter.Brodmann area 40,
928     Right Cerebrum.Parietal Lobe.Supramarginal Gyrus.Gray Matter.Brodmann area 40,
929     Left Cerebrum.Parietal Lobe.Supramarginal Gyrus.White Matter.*,
930     Right Cerebrum.Parietal Lobe.Supramarginal Gyrus.White Matter.*,
931     *.*.Supramarginal Gyrus.*.*,
932     Right Cerebrum.Limbic Lobe.Sub-Gyral.Gray Matter.Brodmann area 31,
933     *.*.Inferior Parietal Lobule.*.*,
934     Left Cerebrum.Limbic Lobe.Cingulate Gyrus.Gray Matter.Brodmann area 23,
935     Right Cerebrum.Limbic Lobe.Cingulate Gyrus.Gray Matter.Brodmann area 23,12
936     Left Cerebrum.Frontal Lobe.Inferior Parietal Lobule.White Matter.*,
937     Right Cerebrum.Frontal Lobe.Inferior Parietal Lobule.White Matter.*,
938     Left Cerebrum.Parietal Lobe.Precentral Gyrus.Gray Matter.Brodmann area 3,
939     Left Cerebrum.Frontal Lobe.Precentral Gyrus.Gray Matter.Brodmann area 3,
940     Right Cerebrum.Frontal Lobe.Precentral Gyrus.Gray Matter.Brodmann area 3,
941     Left Cerebrum.Limbic Lobe.Cingulate Gyrus.Gray Matter.Brodmann area 24,188
942     Right Cerebrum.Limbic Lobe.Cingulate Gyrus.Gray Matter.Brodmann area 24,
943     Left Cerebrum.Frontal Lobe.Middle Frontal Gyrus.Gray Matter.Brodmann area 9,
944     Right Cerebrum.Frontal Lobe.Middle Frontal Gyrus.Gray Matter.Brodmann area 9,
945     Left Cerebrum.Limbic Lobe.Cingulate Gyrus.Gray Matter.Brodmann area 32,
946     Right Cerebrum.Limbic Lobe.Cingulate Gyrus.Gray Matter.Brodmann area 32,22
947     Left Cerebrum.Limbic Lobe.Medial Frontal Gyrus.Gray Matter.Brodmann area 32,
948     Right Cerebrum.Limbic Lobe.Medial Frontal Gyrus.Gray Matter.Brodmann area 32,
949     Left Cerebrum.Limbic Lobe.Medial Frontal Gyrus.*.*,
950     Right Cerebrum.Limbic Lobe.Medial Frontal Gyrus.*.*,
951     Right Cerebrum.*.Cuneus.*.*,1
952     Left Cerebrum.Occipital Lobe.Cuneus.Gray Matter.Brodmann area 7,
953     Right Cerebrum.Occipital Lobe.Cuneus.Gray Matter.Brodmann area 7,93
954     *.*.Angular Gyrus.*.*,
955     Left Cerebrum.Occipital Lobe.Angular Gyrus.*.*,
956     Right Cerebrum.Occipital Lobe.Angular Gyrus.*.*,
957     Left Cerebrum.Temporal Lobe.Angular Gyrus.*.*,
958     Left Cerebrum.Temporal Lobe.Angular Gyrus.Gray Matter.Brodmann area 39,253
959     Right Cerebrum.Temporal Lobe.Angular Gyrus.Gray Matter.Brodmann area 39,
960     Right Cerebrum.Temporal Lobe.Angular Gyrus.*.*,
961     Left Cerebrum.Temporal Lobe.Angular Gyrus.White Matter.*,253
962     Right Cerebrum.Temporal Lobe.Angular Gyrus.White Matter.*,
963     Left Cerebrum.Parietal Lobe.Cuneus.White Matter.*,
964     Right Cerebrum.Parietal Lobe.Cuneus.White Matter.*,88
965     Left Cerebrum.Parietal Lobe.Angular Gyrus.White Matter.*,259
966     Right Cerebrum.Parietal Lobe.Angular Gyrus.White Matter.*,6
967     Left Cerebrum.Parietal Lobe.Angular Gyrus.Gray Matter.Brodmann area 39,
968     Left Cerebrum.Parietal Lobe.Precuneus.Gray Matter.Brodmann area 7,252
969     Right Cerebrum.Occipital Lobe.Precuneus.Gray Matter.Brodmann area 7,
970     Right Cerebrum.Parietal Lobe.Angular Gyrus.Gray Matter.Brodmann area 39,
971     Left Cerebrum.Occipital Lobe.Precuneus.Gray Matter.Brodmann area 7,254
972     Right Cerebrum.Parietal Lobe.Precuneus.Gray Matter.Brodmann area 7,
973     *.Parietal Lobe.*.*.*,
974     Left Cerebrum.Parietal Lobe.Supramarginal Gyrus.Gray Matter.Brodmann area 39,
975     Right Cerebrum.Parietal Lobe.Supramarginal Gyrus.Gray Matter.Brodmann area 39,
976     Right Cerebrum.*.Precuneus.*.*,1
977     Right Cerebrum.Parietal Lobe.*.*.*,
978     Left Cerebrum.Parietal Lobe.Inferior Parietal Lobule.Gray Matter.Brodmann area 2,
979     Left Cerebrum.Frontal Lobe.Postcentral Gyrus.*.*,223
980     Right Cerebrum.Frontal Lobe.Postcentral Gyrus.*.*,3
981     Left Cerebrum.Limbic Lobe.Cingulate Gyrus.Gray Matter.Brodmann area 9,
982     Right Cerebrum.Limbic Lobe.Cingulate Gyrus.Gray Matter.Brodmann area 9,29
983     Left Cerebrum.Frontal Lobe.Sub-Gyral.Gray Matter.Brodmann area 9,
984     Right Cerebrum.Frontal Lobe.Sub-Gyral.Gray Matter.Brodmann area 9,153
985     Left Cerebrum.Parietal Lobe.Cuneus.*.*,
986     Left Cerebrum.Parietal Lobe.Precuneus.Gray Matter.Brodmann area 19,
987     Right Cerebrum.Parietal Lobe.Precuneus.Gray Matter.Brodmann area 19,
988     Inter-Hemispheric.*.Precuneus.*.*,
989     Right Cerebrum.Parietal Lobe.Precuneus.Gray Matter.Brodmann area 39,6
990     Left Cerebrum.Parietal Lobe.Precuneus.Gray Matter.Brodmann area 39,259
991     Right Cerebrum.Parietal Lobe.Sub-Gyral.Gray Matter.Brodmann area 39,96
992     Left Cerebrum.Parietal Lobe.Angular Gyrus.Gray Matter.Brodmann area 40,
993     Right Cerebrum.Parietal Lobe.Angular Gyrus.Gray Matter.Brodmann area 40,
994     Left Cerebrum.Limbic Lobe.Sub-Gyral.Gray Matter.Brodmann area 31,
995     Left Cerebrum.Parietal Lobe.Cingulate Gyrus.Gray Matter.Brodmann area 31,
996     Left Cerebrum.Parietal Lobe.Cingulate Gyrus.*.*,
997     Right Cerebrum.Parietal Lobe.Cingulate Gyrus.*.*,1
998     Right Cerebrum.Parietal Lobe.Cingulate Gyrus.Gray Matter.Brodmann area 31,1
999     Left Cerebrum.Parietal Lobe.Sub-Gyral.Gray Matter.Brodmann area 40,214
1000    Right Cerebrum.Parietal Lobe.Sub-Gyral.Gray Matter.Brodmann area 40,57
1001    Left Cerebrum.Frontal Lobe.Cingulate Gyrus.White Matter.*,
1002    Right Cerebrum.Frontal Lobe.Cingulate Gyrus.White Matter.*,
1003    Left Cerebrum.Parietal Lobe.Postcentral Gyrus.Gray Matter.Brodmann area 4,191
1004    Left Cerebrum.Frontal Lobe.Precentral Gyrus.Gray Matter.Brodmann area 9,
1005    Left Cerebrum.Frontal Lobe.Cingulate Gyrus.*.*,
1006    Left Cerebrum.Frontal Lobe.Cingulate Gyrus.Gray Matter.Brodmann area 32,
1007    Right Cerebrum.Frontal Lobe.Cingulate Gyrus.*.*,
1008    Right Cerebrum.Frontal Lobe.Cingulate Gyrus.Gray Matter.Brodmann area 32,27
1009    Left Cerebrum.Frontal Lobe.Medial Frontal Gyrus.Gray Matter.Brodmann area 6,
1010    Left Cerebrum.Frontal Lobe.Cingulate Gyrus.Gray Matter.Brodmann area 6,
1011    Right Cerebrum.Frontal Lobe.Medial Frontal Gyrus.Gray Matter.Brodmann area 6,37
1012    Right Cerebrum.Frontal Lobe.Cingulate Gyrus.Gray Matter.Brodmann area 6,
1013    *.*.Precuneus.*.*,
1014    Left Cerebrum.Parietal Lobe.Inferior Parietal Lobule.Gray Matter.Brodmann area 39,
1015    Right Cerebrum.Parietal Lobe.Inferior Parietal Lobule.Gray Matter.Brodmann area 39,
1016    Left Cerebrum.Frontal Lobe.Precuneus.Gray Matter.Brodmann area 31,
1017    Right Cerebrum.Frontal Lobe.Sub-Gyral.Gray Matter.Brodmann area 31,
1018    Left Cerebrum.Parietal Lobe.Sub-Gyral.Gray Matter.Brodmann area 2,
1019    Right Cerebrum.Parietal Lobe.Precentral Gyrus.Gray Matter.Brodmann area 3,
1020    Left Cerebrum.Limbic Lobe.Sub-Gyral.Gray Matter.Brodmann area 24,
1021    Right Cerebrum.Limbic Lobe.Sub-Gyral.Gray Matter.Brodmann area 24,
1022    Left Cerebrum.Frontal Lobe.Sub-Gyral.Gray Matter.Brodmann area 6,
1023    Left Cerebrum.Frontal Lobe.Middle Frontal Gyrus.Gray Matter.Brodmann area 6,
1024    Right Cerebrum.Frontal Lobe.Middle Frontal Gyrus.Gray Matter.Brodmann area 6,
1025    Left Cerebrum.Frontal Lobe.Middle Frontal Gyrus.Gray Matter.Brodmann area 8,
1026    Right Cerebrum.Frontal Lobe.Middle Frontal Gyrus.Gray Matter.Brodmann area 8,
1027    Left Cerebrum.Frontal Lobe.Sub-Gyral.Gray Matter.Brodmann area 8,
1028    Right Cerebrum.Frontal Lobe.Sub-Gyral.Gray Matter.Brodmann area 8,
1029    Left Cerebrum.Limbic Lobe.Sub-Gyral.Gray Matter.Brodmann area 32,
1030    Right Cerebrum.Limbic Lobe.Sub-Gyral.Gray Matter.Brodmann area 32,
1031    Left Cerebrum.Frontal Lobe.Sub-Gyral.Gray Matter.Brodmann area 32,
1032    Right Cerebrum.Frontal Lobe.Sub-Gyral.Gray Matter.Brodmann area 32,
1033    Left Cerebrum.Frontal Lobe.Medial Frontal Gyrus.Gray Matter.Brodmann area 8,
1034    Right Cerebrum.Frontal Lobe.Medial Frontal Gyrus.Gray Matter.Brodmann area 8,25
1035    Left Cerebrum.Frontal Lobe.Superior Frontal Gyrus.Gray Matter.Brodmann area 8,
1036    Right Cerebrum.Frontal Lobe.Superior Frontal Gyrus.Gray Matter.Brodmann area 8,
1037    Left Cerebrum.Parietal Lobe.Superior Parietal Lobule.*.*,
1038    Right Cerebrum.Parietal Lobe.Superior Parietal Lobule.*.*,
1039    Left Cerebrum.Parietal Lobe.Superior Parietal Lobule.Gray Matter.Brodmann area 7,163
1040    Right Cerebrum.Parietal Lobe.Superior Parietal Lobule.Gray Matter.Brodmann area 7,2
1041    Left Cerebrum.Parietal Lobe.Superior Parietal Lobule.White Matter.*,
1042    Right Cerebrum.Parietal Lobe.Superior Parietal Lobule.White Matter.*,
1043    Left Cerebrum.Parietal Lobe.Inferior Parietal Lobule.Gray Matter.Brodmann area 7,259
1044    Right Cerebrum.Parietal Lobe.Inferior Parietal Lobule.Gray Matter.Brodmann area 7,6
1045    Left Cerebrum.Frontal Lobe.Paracentral Lobule.Gray Matter.Brodmann area 31,
1046    Left Cerebrum.Frontal Lobe.Paracentral Lobule.*.*,
1047    Inter-Hemispheric.*.Paracentral Lobule.*.*,
1048    Right Cerebrum.Frontal Lobe.Paracentral Lobule.*.*,
1049    Right Cerebrum.Frontal Lobe.Paracentral Lobule.Gray Matter.Brodmann area 31,
1050    Right Cerebrum.Parietal Lobe.Sub-Gyral.Gray Matter.Brodmann area 31,
1051    Left Cerebrum.Frontal Lobe.Paracentral Lobule.White Matter.*,
1052    Right Cerebrum.Frontal Lobe.Paracentral Lobule.White Matter.*,
1053    Left Cerebrum.Limbic Lobe.Paracentral Lobule.Gray Matter.Brodmann area 31,
1054    Left Cerebrum.Limbic Lobe.Paracentral Lobule.White Matter.*,
1055    Right Cerebrum.Limbic Lobe.Paracentral Lobule.White Matter.*,
1056    Left Cerebrum.Limbic Lobe.Paracentral Lobule.*.*,
1057    Right Cerebrum.Limbic Lobe.Paracentral Lobule.*.*,22
1058    Inter-Hemispheric.*.Cingulate Gyrus.*.*,
1059    Inter-Hemispheric.*.Medial Frontal Gyrus.*.*,
1060    *.*.Superior Parietal Lobule.*.*,
1061    Left Cerebrum.Parietal Lobe.Superior Parietal Lobule.Gray Matter.Brodmann area 40,
1062    Right Cerebrum.Parietal Lobe.Superior Parietal Lobule.Gray Matter.Brodmann area 40,
1063    Left Cerebrum.Parietal Lobe.Paracentral Lobule.White Matter.*,180
1064    Left Cerebrum.Parietal Lobe.Paracentral Lobule.Gray Matter.Brodmann area 5,
1065    Left Cerebrum.Parietal Lobe.Paracentral Lobule.Gray Matter.Brodmann area 7,
1066    Right Cerebrum.Parietal Lobe.Paracentral Lobule.Gray Matter.Brodmann area 7,
1067    Right Cerebrum.Parietal Lobe.Paracentral Lobule.Gray Matter.Brodmann area 5,
1068    Left Cerebrum.Frontal Lobe.Paracentral Lobule.Gray Matter.Brodmann area 5,
1069    Right Cerebrum.Frontal Lobe.Precuneus.*.*,
1070    Right Cerebrum.Frontal Lobe.Paracentral Lobule.Gray Matter.Brodmann area 5,
1071    Left Cerebrum.Parietal Lobe.Paracentral Lobule.*.*,
1072    Right Cerebrum.Parietal Lobe.Paracentral Lobule.*.*,
1073    Right Cerebrum.Parietal Lobe.Paracentral Lobule.White Matter.*,
1074    Right Cerebrum.Frontal Lobe.Precuneus.White Matter.*,
1075    Left Cerebrum.Frontal Lobe.Paracentral Lobule.Gray Matter.Brodmann area 6,
1076    Right Cerebrum.Frontal Lobe.Paracentral Lobule.Gray Matter.Brodmann area 6,36
1077    Left Cerebrum.Frontal Lobe.Superior Frontal Gyrus.Gray Matter.Brodmann area 6,165
1078    Right Cerebrum.Frontal Lobe.Superior Frontal Gyrus.Gray Matter.Brodmann area 6,34
1079    Right Cerebrum.*.Superior Parietal Lobule.*.*,
1080    Left Cerebrum.Parietal Lobe.Sub-Gyral.Gray Matter.Brodmann area 7,
1081    Right Cerebrum.Parietal Lobe.Sub-Gyral.Gray Matter.Brodmann area 7,
1082    Right Cerebrum.Frontal Lobe.Inferior Parietal Lobule.Gray Matter.Brodmann area 40,
1083    Left Cerebrum.Frontal Lobe.Precuneus.Gray Matter.Brodmann area 5,
1084    Left Cerebrum.Frontal Lobe.Precuneus.White Matter.*,
1085    Left Cerebrum.Frontal Lobe.Precuneus.*.*,
1086    Right Cerebrum.Frontal Lobe.Precuneus.Gray Matter.Brodmann area 5,50
1087    Right Cerebrum.Frontal Lobe.Paracentral Lobule.Gray Matter.Brodmann area 7,35
1088    Left Cerebrum.Frontal Lobe.Paracentral Lobule.Gray Matter.Brodmann area 3,
1089    Left Cerebrum.Frontal Lobe.Paracentral Lobule.Gray Matter.Brodmann area 4,
1090    Right Cerebrum.Frontal Lobe.Paracentral Lobule.Gray Matter.Brodmann area 4,
1091    Right Cerebrum.Frontal Lobe.Paracentral Lobule.Gray Matter.Brodmann area 3,31
1092    Right Cerebrum.Frontal Lobe.Sub-Gyral.Gray Matter.Brodmann area 3,46
1093    Right Cerebrum.Frontal Lobe.Sub-Gyral.Gray Matter.Brodmann area 4,46
1094    Right Cerebrum.Frontal Lobe.Sub-Gyral.Gray Matter.Brodmann area 6,156
1095    Left Cerebrum.Parietal Lobe.Postcentral Gyrus.Gray Matter.Brodmann area 5,209
1096    Right Cerebrum.Parietal Lobe.Postcentral Gyrus.Gray Matter.Brodmann area 5,
1097    Left Cerebrum.Parietal Lobe.Superior Parietal Lobule.Gray Matter.Brodmann area 5,163
1098    Right Cerebrum.Parietal Lobe.Superior Parietal Lobule.Gray Matter.Brodmann area 5,
1099    Right Cerebrum.Parietal Lobe.Postcentral Gyrus.Gray Matter.Brodmann area 4,31
1100    Right Cerebrum.Frontal Lobe.Medial Frontal Gyrus.Gray Matter.Brodmann area 4,
1101    Left Cerebrum.Parietal Lobe.Postcentral Gyrus.Gray Matter.Brodmann area 7,
1102    Right Cerebrum.Parietal Lobe.Postcentral Gyrus.Gray Matter.Brodmann area 7,
1103    Inter-Hemispheric.*.Postcentral Gyrus.*.*,35
1104    Left Cerebrum.Parietal Lobe.Paracentral Lobule.Gray Matter.Brodmann area 4,191
1105    Right Cerebrum.Parietal Lobe.Paracentral Lobule.Gray Matter.Brodmann area 4,32
